REF_AREA,REF_AREA_LABEL,TIME_PERIOD,PRICE_BASE,PRICE_BASE_LABEL,gdp_basic_prices,real_estate_total,imputed_rent,real_estate_excl_imputed,imputed_share_of_re,re_share_of_gdp,imputed_share_of_gdp,reliable
MKD,North Macedonia,2023,V,Current prices,787046171000.0,100708031000.0,94050191000.0,6657840000.0,0.933889681548833,0.12795695438304852,0.11949767938074372,True
IND,India,2021,V,Current prices,216355861503000.0,14540404063000.0,13115380000000.0,1425024063000.0,0.901995566503811,0.0672059631848633,0.06061948083536503,True
SRB,Serbia,2022,V,Current prices,6328703000000.0,515564000000.0,460271000000.0,55293000000.0,0.892752403193396,0.08146440115770956,0.07272753990825609,True
ALB,Albania,2024,V,Current prices,2179701136000.0,127328986000.0,110177623000.0,17151364000.000002,0.8652988330559704,0.0584158001741758,0.05054712372274508,True
ISR,Israel,2014,V,Current prices,972315259000.0,148910545000.0,127055055000.0,21855490000.0,0.8532307433298293,0.1531504762695491,0.1306726947087848,True
PER,Peru,2024,V,Current prices,1014779000000.0,41512000000.0,33762000000.0,7750000000.0,0.8133069955675467,0.04090742910525346,0.03327029826198611,True
ARG,Argentina,2022,V,Current prices,69715763921000.0,2578114452000.0,2092591171000.0,485523281000.0,0.8116750477763506,0.03698036580250987,0.030016040179539124,True
SVK,Slovak Republic,2022,V,Current prices,97975263000.0,11239390000.0,9065239000.0,2174151000.0,0.806559697634836,0.11471660964053754,0.09252579398536546,True
BGR,Bulgaria,2014,V,Current prices,37184553000.0,3895468000.0,3140217000.0,755251000.0,0.8061205996301343,0.10476038262447313,0.08444950245872258,True
ROU,Romania,2022,V,Current prices,1271213100000.0,103823200000.0,81122200000.0,22701000000.0,0.7813494479075968,0.0816725378302033,0.06381479234284165,True
SVN,Slovenia,2023,V,Current prices,56995055000.0,4098770999.9999995,3184794000.0,913977000.0,0.777011938456674,0.0719145020563626,0.05587842664596078,True
CHL,Chile,2023,V,Current prices,253479164131000.0,22372633266000.0,16860860083000.0,5511773183000.0,0.7536377091839109,0.08826221809078418,0.06651773584942933,True
GBR,United Kingdom,2023,V,Current prices,2497390000000.0,346849000000.0,254256000000.0,92593000000.0,0.7330452156413886,0.1388845955177205,0.10180868827055446,True
HUN,Hungary,2023,V,Current prices,65157153000000.0,7452859000000.0,5452148000000.0,2000711000000.0,0.7315512073957122,0.11438282148392825,0.08367689116189592,True
CZE,Czechia,2024,V,Current prices,7355682000000.0,902575000000.0,631328000000.0,271247000000.0,0.6994742819156303,0.1227044616665049,0.0858286152120225,True
ITA,Italy,2022,V,Current prices,1793606600000.0,226687800000.0,156528300000.0,70159500000.0,0.6905016502873115,0.12638657774787404,0.08727014050907261,True
IRL,Ireland,2022,V,Current prices,494026996000.0,25485762000.0,17586571000.0,7899191000.0,0.6900547450768786,0.05158779217806146,0.03559840078051119,True
HRV,Croatia,2022,V,Current prices,56304423000.0,5063192000.0,3429805000.0,1633388000.0,0.6773997509871243,0.08992529769819327,0.060915374268199145,True
CAN,Canada,2022,V,Current prices,2674953000000.0,308117000000.0,204726000000.0,103391000000.0,0.6644424033727447,0.11518594906153491,0.07653442882921681,True
GRC,Greece,2022,V,Current prices,182631289000.0,29326926000.0,19416217000.0,9910709000.0,0.6620611038470244,0.16057996502450356,0.1063137488998394,True
NOR,Norway,2023,V,Current prices,4852019000000.0,450976000000.0,293258000000.0,157718000000.0,0.6502740722344427,0.09294604988150294,0.06044040635455055,True
FIN,Finland,2023,V,Current prices,239121000000.0,29943000000.0,19392000000.0,10551000000.0,0.6476304979460976,0.12522112236064586,0.0810970178277943,True
ESP,Spain,2023,V,Current prices,1366751000000.0,159783000000.0,102927000000.0,56856000000.0,0.6441674020390155,0.11690717621571156,0.0753077919825923,True
AUS,Australia,2023,V,Current prices,2511352000000.0,292209000000.0,182803000000.0,109406000000.0,0.6255899031172893,0.11635525406235367,0.07279067211605542,True
NLD,Netherlands,2024,V,Current prices,1000017000000.0,79779000000.0,49003000000.0,30776000000.0,0.6142343223153963,0.07977764378005574,0.04900216696316163,True
CYP,Cyprus,2022,V,Current prices,26300563000.0,2670381000.0,1633663000.0,1036718000.0000001,0.611771503766691,0.10153322573360882,0.06211513418933275,True
FRA,France,2022,V,Current prices,2368609400000.0,325412400000.0,198737100000.0,126675300000.0,0.6107238076975555,0.13738542116737357,0.08390454753747072,True
BEL,Belgium,2022,V,Current prices,505988000000.0,50201800000.0,28819300000.0,21382500000.0,0.5740690572847985,0.09921539641256315,0.05695648908669771,True
USA,United States,2024,V,Current prices,28287687720000.0,3712485010000.0,2124312029999.9998,1588172980000.0,0.5722075710145426,0.1312403136922073,0.07509670111700455,True
LTU,Lithuania,2022,V,Current prices,60696143000.0,3827768000.0,2134277000.0,1693491000.0,0.5575774184851329,0.06306443557706788,0.03516330518728348,True
EST,Estonia,2022,V,Current prices,32173510000.0,3740299000.0,2063286000.0,1677013000.0,0.5516366472306091,0.11625399280339634,0.06412996281723692,True
NZL,New Zealand,2019,V,Current prices,291492000000.0,43883000000.0,23788000000.0,20094000000.0,0.5420777977804617,0.1505461556406351,0.08160772851399009,True
PRT,Portugal,2023,V,Current prices,235589270000.0,24767144000.0,13363947000.0,11403197000.0,0.5395836920074434,0.10512848908611161,0.05672561827624832,True
TUR,Türkiye,2023,V,Current prices,24093827390000.0,1540972300000.0,829964100000.0,711008200000.0,0.5385976762852908,0.06395714035203769,0.0344471671754597,True
SGP,Singapore,2022,V,Current prices,669961400000.0,39202500000.0,20499300000.0,18703200000.0,0.5229079778075378,0.058514565167485766,0.03059773294401737,True
AUT,Austria,2022,V,Current prices,402769583000.0,36487205000.0,18781310000.0,17705895000.0,0.5147368783111779,0.09059076588710524,0.04663040803654729,True
LVA,Latvia,2023,V,Current prices,34788162000.0,2979625000.0,1532048000.0,1447578000.0,0.5141747703150564,0.0856505439982716,0.044039348787670934,True
ZAF,South Africa,2021,V,Current prices,5603769639000.0,421974212000.0,211003351000.0,210970860000.0,0.5000384976132143,0.07530184843131807,0.03765382315709427,True
DNK,Denmark,2022,V,Current prices,2494375380000.0,248358890000.0,110009300000.0,138349590000.0,0.4429448851216882,0.09956756789349003,0.044102944922427834,True
LUX,Luxembourg,2022,V,Current prices,69430320000.0,4940054000.0,2130469999.9999998,2809584000.0,0.431264516541722,0.07115124919487624,0.03068500908536789,True
MLT,Malta,2020,V,Current prices,13149700000.0,920968000.0,388103000.0,532865000.0,0.4214076927754276,0.07003718716016336,0.02951420944964524,True
POL,Poland,2022,V,Current prices,2766246487000.0,164890517000.0,68534100000.00001,96356417000.0,0.41563396881095355,0.05960803484971584,0.024775124097609024,True
SWE,Sweden,2023,V,Current prices,5487968000000.0,476987000000.0,137172000000.0,339815000000.0,0.2875801646585756,0.08691504760960705,0.024995043702878732,True
