REF_AREA,TIME_PERIOD,imputed_share_change,imputed_share_lag1,HPI_yoy,RPI_yoy,HPI_YDH,gdp_growth,re_total_growth,years_since_start,shap_imputed_share_lag1,shap_HPI_yoy,shap_RPI_yoy,shap_HPI_YDH,shap_gdp_growth,shap_re_total_growth,shap_years_since_start,shap_base_value
AUS,2013,-0.0103253760854225,0.8005441737380263,6.625549487989701,3.286727112791765,88.3898364777304,3.9227298304920444,7.547615202077296,1,-0.0026026885,0.00047799194,0.0015155185,-0.005048114,-4.4699664e-06,-0.0028937252,-0.00045485716,-0.0015347165
AUS,2014,-0.0007158151112494071,0.7902187976526038,9.052510804753489,2.5172177682847074,93.052227693922,1.9101447159219909,5.836721962940716,2,-0.0025570507,-0.0014495567,0.0016018868,-0.002535267,0.0050183237,-0.0008164818,-0.000755944,-0.0015347165
AUS,2015,-0.022660450073822003,0.7895029825413544,9.027177749733584,1.6446487389201847,100.0,2.3350838336421154,2.1999312350941214,3,-0.0025344095,-0.0025716464,-0.005202351,-0.0014554872,0.004794654,-0.0005489733,-0.00079484814,-0.0015347165
AUS,2016,-0.003384500920361022,0.7668425324675324,5.499999999999994,0.7520625940079961,105.135169282325,6.597799285960604,3.662209501025293,4,-0.0015680898,0.0012016258,2.8544515e-05,0.00148591,-0.00035235396,0.0006483792,-0.00048393724,-0.0015347165
AUS,2017,0.0012316498717711566,0.7634580315471714,8.349052132701429,0.6333369891724283,112.448696366851,4.93444755165664,2.872420436632628,5,-0.0014642061,-0.000898357,-0.00025009466,0.0003036228,0.00014457847,0.0008861476,-0.00047660546,-0.0015347165
AUS,2018,0.004344833664192249,0.7646896814189426,-1.4386538154507744,0.6518138103164928,107.624053909329,5.8360872706959555,3.632985808570943,6,-0.0017031857,0.000895789,0.00027038407,0.0009681789,-0.00022276555,0.00038454737,-0.0002544031,-0.0015347165
AUS,2019,0.018460207806134332,0.7690345150831348,-4.06519399540668,0.3573457493441401,100.728895893051,1.6763349165719976,6.444941605098742,7,-0.0020631664,0.002123006,-5.8483663e-05,0.0007856832,0.005109692,-0.0020199674,-1.1502378e-05,-0.0015347165
AUS,2020,-0.007652619270326899,0.7874947228892691,5.396509651080761,-0.93459791809275,100.402162718949,4.725795108565123,1.7159121344040296,8,-0.002762819,0.0013579965,-0.0018810306,0.00078244216,0.0006153485,-2.9117155e-07,-0.0002046959,-0.0015347165
AUS,2021,-0.16153617771397177,0.7798421036189422,17.42262973318176,-0.1796793320221312,112.291795284242,12.128432611648886,10.428837288180981,9,-0.014209091,-0.03929406,-0.022696055,-0.0036574565,-0.021933725,-0.0063022906,-0.0020379913,-0.0015347165
AUS,2022,0.0056971893003620044,0.6183059259049705,6.64326008027436,2.340233356841126,115.935388583704,10.438093508618419,5.860838428865289,10,-0.000602848,0.0018645629,0.002291434,0.002790481,-0.004361727,-0.0013143895,0.0003746321,-0.0015347165
AUS,2023,0.0015867879119568773,0.6240031152053325,1.2963421682766318,6.640274028046722,117.259313772796,4.27916490366429,11.555273897557083,11,-0.0012173866,0.00039450717,0.0010200851,0.002616994,-0.0009125629,0.0059631937,0.0005476416,-0.0015347165
AUT,2011,-0.0043051305195475065,0.5560166745440334,5.367131171392536,3.3180526529106524,86.4355344163223,4.785386156577576,5.212468777800949,1,-0.0018974253,0.0005950884,0.00199214,-0.005463213,-0.00066111167,0.00010865027,-0.00014821219,-0.0015347165
AUT,2012,-0.006531418476662387,0.5517115440244859,6.615729233790546,4.4057197205552345,88.2776317046108,2.578730159341136,3.983302363829977,2,-0.0015249442,0.00016926795,0.0009194212,-0.00519069,0.0005570529,0.00073906506,-0.0008533935,-0.0015347165
AUT,2013,0.0009846365870149754,0.5451801255478235,4.98776802417602,3.106881290663721,93.8439099539988,1.8583713768036025,5.380715369608957,3,0.00063385966,0.0006334072,0.0015550567,-0.0031047899,0.0045947083,-0.0003984747,-0.0008483142,-0.0015347165
AUT,2014,0.013919630385224813,0.5461647621348384,3.815998684138511,3.972716822992584,95.7408230452747,3.4942334985919254,3.312428549885915,4,0.0010178027,0.0010685715,0.0012046546,-0.0031406353,-0.0009416525,0.00062600133,-0.000663261,-0.0015347165
AUT,2015,-0.001104712836710653,0.5600843925200633,5.624504885133352,4.42772068930557,100.0,3.300237847784482,4.248351484120216,5,-0.0019694322,0.00068899535,0.0012561142,-0.0016742505,-0.0006207487,0.00026173482,-0.00049109757,-0.0015347165
AUT,2016,-0.007240864391528379,0.5589796796833526,6.705000000000005,3.082848193640997,103.76119551868,3.879866863084991,3.7378370055132226,6,-0.0019487288,-0.0011767353,0.0019392046,0.0023699072,-0.0007036948,0.0003208665,-0.00042413373,-0.0015347165
AUT,2017,-0.004608769048226047,0.5517388152918242,5.088796213860647,4.130295226193259,106.75643619776,3.2806584460713273,5.405130291846771,7,-0.0013607553,0.00043597736,0.0015223022,0.0019308742,-0.00089859666,-0.0003906236,-0.00022404926,-0.0015347165
AUT,2018,0.0007281651346219276,0.5471300462435982,5.970482008293576,3.7180997471131914,109.720544946108,4.506483938354511,4.239426288534065,8,0.00046866445,0.00019533232,0.0015663558,-0.000101361315,-0.00053804636,0.0001202636,-0.00025081192,-0.0015347165
AUT,2019,-0.003618860328188034,0.5478582113782201,6.006479845156942,2.971082526301805,114.615908861734,3.088004279248935,2.7837418145869153,9,-7.635819e-06,0.00013874762,0.0018973189,0.0011045911,0.00037165053,-2.7912115e-06,-0.00019489593,-0.0015347165
AUT,2020,0.007009021066498922,0.5442393510500321,7.579335939825738,4.104703254929354,123.458837285834,-3.697461970493676,3.037726716515343,10,0.0022840262,-0.0013506146,0.0013739134,0.00446071,0.004336273,-2.5690755e-05,0.0003061951,-0.0015347165
AUT,2021,-0.03664841303422084,0.551248372116531,11.437848208685386,1.9753055903339425,132.443881903312,6.075912602528644,-1.7390432590903893,11,-0.004311924,-0.0047702226,0.0019727622,0.0044238153,-0.00066696765,-0.0065246364,-4.3128468e-05,-0.0015347165
AUT,2022,0.00013691922886771568,0.5145999590823102,11.573353640366868,0.8336739871283694,135.391699399398,11.097575228158219,2.892635337515248,12,0.0016945656,-0.0022997223,-0.0014937074,0.00842564,-0.005577233,0.0006453213,0.0022053549,-0.0015347165
BEL,2011,-0.01375811701959373,0.5921369982025884,3.579480013319003,1.1673229096839544,98.7155272717081,4.015142334693778,2.889231979531326,1,-0.0012812223,0.0011871773,-0.0018193745,-0.0020323694,-0.00014257408,0.0006598555,-0.00014139283,-0.0015347165
BEL,2012,-0.009195553766452647,0.5783788811829946,2.354357867665846,1.5434778786899803,99.0131075333577,2.0615634268409178,1.4517117730480367,2,-0.0018934212,0.0015858521,-0.0042769494,-0.0014343245,0.004578254,-0.0005917501,-0.0009188937,-0.0015347165
BEL,2013,-0.016757921118441765,0.569183327416542,1.48232435048552,1.316647325941367,100.017448491555,1.030056864965978,-0.32073101667244863,3,-0.0019283157,0.001552173,-0.003166687,-0.0012678023,0.0041366303,-0.002098212,-0.0008690979,-0.0015347165
BEL,2014,-0.0034922392483174303,0.5524254062981002,-0.3386588601782758,2.0932935753142035,98.8178696964668,2.237011067822303,3.988727230662037,4,-0.0016893044,0.00047628497,0.0016364009,-0.0014208757,0.004186132,-0.0004978678,-0.0008761221,-0.0015347165
BEL,2015,0.021890544634865616,0.5489331670497828,1.815627171536427,0.9814641692365678,100.0,4.259236897992946,8.550438436085184,5,0.00016103583,0.0015301711,-0.0005530645,-0.0018821192,-0.00025287629,-0.0029265091,-0.00081739103,-0.0015347165
BEL,2016,-0.004101964432690619,0.5708237116846484,2.3302500000000004,0.9418075706359996,99.8148142901897,2.9116939225548366,2.8863467696392364,6,-0.001860301,0.0011538944,-0.00010637219,-0.0017039799,0.00065472553,0.00012809629,-0.00027085477,-0.0015347165
BEL,2017,-0.002562161116875683,0.5667217472519578,3.535611415001916,1.0804245614799646,100.111690120987,3.333853934836317,3.767224656943746,7,-0.0019150366,0.0012978659,-0.00036544524,-0.0011463058,-0.0009036432,8.253182e-05,-0.00028959126,-0.0015347165
BEL,2018,-0.003992493829112265,0.5641595861350821,3.01703897893546,1.0283008142511374,100.164738819689,3.3236292022720715,3.887738033255417,8,-0.0019675863,0.0011056521,-0.0003351239,-4.5199096e-05,-0.0010754216,8.942777e-05,-0.00028853567,-0.0015347165
BEL,2019,-0.004798815357793362,0.5601670923059698,3.745942887770593,1.07487660261385,100.060193260827,4.179287363764739,3.594830481816591,9,-0.0018505959,0.0011894027,-0.00043216968,-0.001118951,-0.0003454624,9.467183e-05,-0.00039063685,-0.0015347165
BEL,2020,0.019561189701435056,0.5553682769481765,4.286285168004977,2.682129502368258,102.914902852719,-2.181107103399804,6.622629031386462,10,-0.0013937622,0.0012988268,0.0016078916,0.0028353014,0.006353075,-0.0022617355,0.00046823543,-0.0015347165
BEL,2021,-0.007308762393634982,0.5749294666496115,6.669249513599107,2.0271703926094897,104.720851526754,8.22689463436037,5.447660513149732,11,-0.0019440602,-0.0013609979,0.0019300223,0.002900057,-0.002966958,-0.00055777834,0.00033087863,-0.0015347165
BEL,2022,0.006448353028821963,0.5676207042559765,5.530625246849752,3.5137424263322004,101.514972173564,11.84949740584802,14.900609958458745,12,-0.0018419119,0.0005187806,0.003187755,0.00085423264,-0.012523156,0.009345982,0.0017948985,-0.0015347165
BGR,2011,0.0014594621845109845,0.7748612310103299,-5.512369160976405,1.3444704427583387,112.333906646997,8.615938786961209,3.3882647487662343,1,-0.0015809286,0.0037157703,-0.0035462284,-0.0008163127,-0.0065542646,0.00091745105,-0.00032049202,-0.0015347165
BGR,2012,-0.0017620710073597001,0.7763206931948409,-1.9029757439359751,0.8836788109727323,108.045950747293,0.5153465637862231,0.7176372439973822,2,-0.0025666575,0.002018863,0.00040233694,-0.0006843742,0.0043808417,-0.0009540585,-0.0006183676,-0.0015347165
BGR,2013,-0.001338963526714143,0.7745586221874812,-2.199903132886283,0.5057393840019353,102.42354774005,-0.7297753144247521,-1.3539365456905816,3,-0.0017579702,0.0022961425,0.0004149472,0.0020331647,0.0050621424,-0.0025974307,-0.00055924663,-0.0015347165
BGR,2014,0.03290094096936724,0.773219658660767,1.433560965438052,0.2337756084867193,102.408012469569,3.2013078040082465,-5.545338004013923,4,-0.0016078199,0.0030491024,0.0013528463,0.0022637856,0.0014639669,0.020041548,-0.00036165136,-0.0015347165
CAN,2011,-0.00034135652134248406,0.6621195757525408,5.415140960376186,1.1131197031923,93.5502567820129,6.628371978473857,4.271274680845183,1,-0.0004229419,0.0010167555,-0.0007996955,-0.0029112897,-0.0008986927,0.0009913935,-9.073758e-05,-0.0015347165
CAN,2012,0.0004626674782909346,0.6617782192311983,4.74611691612552,1.3983927461575174,95.3174808946544,2.88400826673052,4.85321378680279,2,-0.00053105253,0.0013798537,-0.0039431206,-0.0025235754,0.0007224394,0.00062140543,-0.00072558195,-0.0015347165
CAN,2013,0.003585665119941628,0.6622408867094892,2.821739200767848,1.6138490392274996,95.1432140331475,4.172069053642469,4.517132378269939,3,-0.0005515082,0.0012983996,-0.0045853835,-0.002496305,-0.00016869267,0.0005073537,-0.0006728989,-0.0015347165
CAN,2014,0.0006360369908137153,0.6658265518294308,5.305580902635709,1.4438358188964884,97.9316952666187,5.094437189014478,4.499299635034726,4,-0.0004338124,0.00052597496,-0.0047874274,-0.0028804415,-0.0003839659,0.00066355243,-0.00060179253,-0.0015347165
CAN,2015,-0.00022145972721587803,0.6664625888202446,5.385875709028243,1.1742000604161085,100.0,-0.5856237873122394,4.6348861802193,5,-0.0002785971,0.0012631931,-0.0017844768,-0.0011786459,0.006820474,-0.00011703266,-0.00058942946,-0.0015347165
CAN,2016,-0.004446850910626687,0.6662411290930287,9.983555274126,0.6611850661190077,110.951031511283,1.5773793174760575,4.925154146553368,6,-0.00039734304,-0.003150188,-0.0005561758,-0.0007820445,0.0048200428,-0.00058727025,-0.00040954776,-0.0015347165
CAN,2017,-0.00031960086243154606,0.661794278182402,11.548260972309189,0.6358956171532704,119.46801465615,5.589885600097122,3.5271304729878272,7,-0.00058354734,-0.002204878,-0.0011753867,0.0017977719,-0.00029103848,0.0004971542,-0.00053738593,-0.0015347165
CAN,2018,0.008636227680621555,0.6614746773199704,3.6472115336464,1.1387072867537815,122.141723311811,4.61177162930686,3.3922720020240105,8,-0.0010498007,0.0007840136,-0.0010770345,0.0035183423,-0.0005010792,-6.9139634e-05,-0.0003614553,-0.0015347165
CAN,2019,-0.0016018151750138987,0.670110905000592,1.4712440354976986,2.7323756427224177,120.12542293829,3.770077359904267,5.966373288076721,9,-0.0005246633,0.0004715288,0.002037482,0.0014007242,-0.00080687413,-0.0014612525,-0.000449127,-0.0015347165
CAN,2020,-0.005329099202309617,0.6685090898255781,6.475713328278698,1.6707163843739936,120.432419384799,-3.604844573629784,4.864667563047753,10,-0.00015762806,0.00045740453,-0.0047346265,0.0006510317,0.00563822,-0.0009710718,0.00038344768,-0.0015347165
CAN,2021,-0.009101260252083687,0.6631799906232685,14.730697925588254,1.6892146029332755,134.42243505909,13.55006501950584,4.022404705414351,11,-0.0010428391,-0.0021506974,-0.0058073914,0.0068378034,-0.0056107435,-0.00014003675,-0.0002565842,-0.0015347165
CAN,2022,0.010363673001559937,0.6540787303711848,11.266338889554708,4.660338351003435,145.538315729117,13.040257406696831,5.2049864617086605,12,-0.0010889372,-0.0023334986,0.0017667911,0.006244813,-0.0046433546,-0.000507376,0.0016562549,-0.0015347165
CHL,2019,0.006371419054399974,0.7019404951220145,8.42847144870833,4.554265128047796,116.824931377066,3.4570952351042683,6.1739361874131315,1,-0.00051745644,-0.0011897569,0.0015189742,0.0019002951,-0.00043010904,-0.0012241753,-0.00054431165,-0.0015347165
CHL,2020,0.05985814260973643,0.7083119141764145,6.63838777595549,3.4044574632388747,111.295372340875,3.209788588060647,4.264012680276386,2,0.0037523878,0.0027973454,0.002524168,0.00045692566,0.0013993385,0.00033882682,-0.0007380249,-0.0015347165
CHL,2021,-0.01548848703060357,0.7681700567861509,11.845854027814994,2.6679230506347684,109.460296769941,17.87725025596727,12.996450288520368,3,-0.0025807319,-0.0010135812,0.002960418,0.001095676,-0.010210583,0.0028955152,-0.0020695962,-0.0015347165
CHL,2022,-0.0038354092090449043,0.7526815697555473,6.856396325531167,4.130784259889286,112.778669937767,10.093012019568226,13.384370949515635,4,-0.001917472,-0.0016112432,0.0023969477,0.004033638,-0.008247268,0.0047059357,-0.0013439807,-0.0015347165
CHL,2023,0.004791548637408494,0.7488461605465024,7.965898342708977,8.126816692329486,112.717576378255,7.543052080605639,7.818369819782212,5,-0.0022073693,-0.0010915005,0.0013577011,0.0026002226,-0.0016208314,-0.0020695748,-0.0006677671,-0.0015347165
CZE,2009,-0.015737094060563783,0.6247950973880438,-3.8041199527612313,16.477471228525033,109.060383229044,-2.5507089367641345,6.392634303232958,15,-0.0004958545,0.0009244805,-0.0045264247,-0.001681022,0.0036945958,-0.0017596084,0.0006027279,-0.0015347165
CZE,2010,0.06722742809106808,0.6090580033274801,-1.772109457612259,8.399475703797354,103.86112198175,2.3636938242384,14.310316725661277,16,0.00012926385,0.0033363684,0.0012465727,0.0022880912,0.010295418,0.021215903,0.001276907,-0.0015347165
CZE,2011,0.010853752985820031,0.6762854314185481,-9.992007221626409e-14,2.706467798923695,102.952068971092,1.3226644332591686,-0.6927555259023332,17,-0.0001234171,0.0009682458,0.0017213926,0.0020784084,0.0034390388,-0.0031127264,0.00038657003,-0.0015347165
CZE,2012,-0.018144578782233634,0.6871391844043682,-1.417584985519471,4.295633812990385,100.039063018662,0.13644215795252101,0.3906493393908361,18,-0.00017052276,-4.893684e-05,0.0009848914,-0.0010484547,0.0052259737,-0.0021793935,8.062038e-05,-0.0015347165
CZE,2013,-0.003727982773633176,0.6689946056221345,-0.0652532892984614,2.0247495725447706,100.11704562435,0.8694125092460592,0.9992686961473041,19,-0.00026655244,0.00026469,0.0016224106,-0.0009571729,0.0035944865,-0.0013398268,8.062038e-05,-0.0015347165
CZE,2014,-0.00949371484473771,0.6652666228485014,2.419945897685327,0.907475200640162,98.7514482774702,5.979490347572947,5.63490918418057,20,-0.0005064776,0.0011255826,-0.00039308646,-0.0018819676,-0.0007368666,-0.0013188726,0.00079250854,-0.0015347165
CZE,2015,-0.004235848847417345,0.6557729080037636,4.086704224618987,0.9012572797477691,100.0,5.773895787348393,4.607905626207742,21,-0.0005294343,0.0010702388,-0.00018156439,-0.0018049484,-0.0008199619,-4.007599e-05,0.0006088308,-0.0015347165
CZE,2016,-0.0037805291471754154,0.6515370591563463,7.177750000000005,1.186792410991,103.151482875761,4.038234482271608,6.778099627159784,22,-0.0005573449,-0.0011691501,-0.0026769838,0.0020592313,0.00022734852,-0.0024992407,0.0011477632,-0.0015347165
CZE,2017,0.01437692376376698,0.6477565300091709,11.7344784715111,2.125820759229202,106.782074448194,6.88726301779734,8.295234536870355,23,-0.00058287825,-0.00021101598,0.0024488335,0.0019691272,-0.0021604367,-0.0015858901,0.0021070673,-0.0015347165
CZE,2018,0.007706251290241939,0.6621334537729379,8.555419629325002,3.0147230661371704,108.116704206393,6.004993112319701,14.113179772837526,24,-0.0017264192,-0.002565104,0.0030867544,0.0013968262,-0.0007977657,0.0120498305,0.001726804,-0.0015347165
CZE,2019,0.01057783036313864,0.6698397050631798,9.108076923076911,3.704585677086003,111.125276669456,7.875389561935964,10.467728458764558,25,-0.00039624775,-0.0016172532,0.0023357298,0.00048991304,-0.002688864,0.005467783,0.0026047847,-0.0015347165
CZE,2020,0.011673304388410077,0.6804175354263184,8.434121425121898,3.1130870128995625,115.50720977718,-0.27942351780213537,8.617432253334467,26,-0.00040389175,-0.0010652221,0.0020898385,0.0014980353,0.005817937,-6.997281e-05,0.0015139957,-0.0015347165
CZE,2021,0.008404175692277804,0.6920908398147285,19.74483675599059,2.367468831698294,126.528084363015,8.15817763066551,11.183938255070448,27,0.0008487478,-0.013767091,0.005740874,0.009334277,-0.0023793164,0.007560253,0.0026360159,-0.0015347165
CZE,2022,0.022110132896425938,0.7004950155070063,16.8888551039994,4.933210588046699,133.641493776972,11.638887647127682,11.313384373223023,28,0.00040596956,-0.0061340337,0.0049787294,0.01057609,-0.006654312,0.0064528068,0.0031861323,-0.0015347165
CZE,2023,-0.008229385374232678,0.7226051484034323,-1.6529923760749354,7.147920288475373,120.559226447858,9.632582610211738,5.315722842060833,29,-0.0028801167,7.567311e-05,0.0006181263,0.0025951494,-0.0037562873,-0.0006339705,0.0012824105,-0.0015347165
CZE,2024,-0.01490148111356926,0.7143757630291996,4.955063994398201,6.755970292507185,121.134676339164,4.538259445161508,5.749110140994906,30,-0.0030096401,0.00050747534,0.00040359644,0.0016795602,-0.00037352106,-0.0013491033,0.0009916924,-0.0015347165
DNK,2006,-0.007396244055826562,0.4361026659093283,24.055165097467057,2.0125441886736484,126.274558352608,6.010737785053255,2.7628763488544372,1,0.007966571,-0.015895776,0.004188886,0.0070874956,1.7714876e-05,-0.0008549112,-0.0007646862,-0.0015347165
DNK,2007,-0.0023420972707947074,0.4287064218535017,2.674797142995766,2.060528254674132,129.768624865201,3.245057008550911,2.924196788092126,2,0.004380667,0.00030551414,0.0018827124,0.005633001,-0.0010917741,-0.0011709483,-0.0010352425,-0.0015347165
DNK,2008,0.01337254963615997,0.426364324582707,-5.173792679175504,2.497403243523366,121.779478482911,4.775392956412072,1.039638443540114,3,0.0046406076,0.0018988409,0.001841754,0.0032869854,0.00024274553,-0.0019442325,-0.00081523036,-0.0015347165
DNK,2009,0.005905625078305832,0.439736874218867,-11.98011797466818,3.471482007698357,102.350107973558,-3.9154823840621633,5.329893311911271,4,0.0025187763,-0.000491268,0.0018030371,0.0021172147,0.004425477,-0.00071904185,-0.0008436859,-0.0015347165
DNK,2010,0.017527336070824073,0.4456424992971728,2.817843697555178,2.7935893871899875,100.384247836043,5.239411029089203,6.520622759738548,5,0.005222216,0.0009487405,0.0022138327,0.0008379215,-0.00024135297,-0.0013950331,-0.00045339973,-0.0015347165
DNK,2011,0.023690425589075192,0.4631698353679969,-1.7287395365764846,3.004433230958914,95.0262073927862,1.983656669881384,5.92266699914592,6,0.0046033543,0.0019486112,0.0016799015,-0.0025901636,0.004162821,-0.0010698199,1.4432435e-06,-0.0015347165
DNK,2012,-0.008488374967190682,0.4868602609570721,-2.6597684766933583,2.561896231681926,91.3684883812445,2.656906560092498,0.3029269085268238,7,0.0013359883,0.0023713685,0.001238784,-0.005612783,9.412356e-05,-0.002055691,-5.1739287e-05,-0.0015347165
DNK,2013,0.004725564841668195,0.4783718859898814,3.9660807858374,2.102134670063305,94.5194703744924,2.039612333431773,1.928994362033687,8,0.0019729813,0.0013030353,0.0014920477,-0.0031077175,0.004187469,-0.00026144602,0.000113160284,-0.0015347165
DNK,2014,0.0014867777271009852,0.4830974508315496,3.7307805335151656,1.7574825821690787,97.7183957750641,2.966397645336283,4.729629303923999,9,0.0021298882,0.0008340845,0.0023880717,-0.0035486019,0.00032785712,0.00023322648,-0.00026335786,-0.0015347165
DNK,2015,-0.02718354671336848,0.4845842285586506,6.906154869988468,1.887688295433798,100.0,2.44561694540375,7.153638560426567,10,0.0012621467,-0.0014133521,0.0018315618,-0.0025064505,-0.00022893414,-0.002977608,0.00033121262,-0.0015347165
DNK,2016,-0.0014184611377736078,0.4574006818452821,4.6255115637789945,1.375039862495986,100.120327373788,3.5144950231842165,3.920565305632384,11,0.0036778082,0.00117422,-0.003879768,-0.00038706785,-0.0013762992,-0.0008044126,0.00025564714,-0.0015347165
DNK,2017,-0.009692273723000577,0.4559822207075085,4.932604701063803,1.6190620867762684,102.250559106437,4.4384085379818305,4.865540529164569,12,0.0035197646,-0.00011373121,-0.006030448,0.0016062872,-0.00077563955,-0.001239948,0.0008088113,-0.0015347165
DNK,2018,-0.0021502381547925387,0.4462899469845079,4.422011914087087,1.1666591840374665,103.282490499145,2.205952340025852,3.581931918626813,13,0.002914383,0.00114076,-0.002193175,0.0017394111,0.0031225565,-0.0012467568,0.00037501936,-0.0015347165
DNK,2019,-0.0008941837398143693,0.4441397088297154,2.233935140863963,0.8780613947320326,103.179887378734,3.043437902235069,4.600961887574484,14,0.0027312424,0.0010962946,-0.00044591908,0.001759599,-6.700164e-05,-0.0010748561,0.00040389693,-0.0015347165
DNK,2020,0.0031938963300042755,0.443245525089901,4.272760432332046,0.9616598733080072,107.478988762017,0.8122443251765699,3.7978736832434468,15,0.0028495651,0.0010586806,-0.00034947213,0.0006757747,0.0032605266,-0.001251723,0.00037501936,-0.0015347165
DNK,2021,-0.004707334821483999,0.4464394214199053,11.5420650604084,1.2669068113375648,117.037181351812,10.039334140004064,2.502855760979994,16,0.0029564414,-0.0021487677,-0.0036826476,0.0029365,-0.005996378,-4.3810003e-05,0.0015889395,-0.0015347165
DNK,2022,0.0012127985232669447,0.4417320865984213,4.767083593148502,2.084188071162996,111.910825886895,12.144685228197982,4.818857045617753,17,0.0051311823,0.0005079045,0.0023412206,0.00064700353,-0.004343327,-0.0008311333,0.0009833723,-0.0015347165
ESP,2011,0.007054942162639577,0.7185463085511847,-7.64368606262823,1.0375521243391583,123.83092056656,-0.6255095144724887,6.299196927026829,1,-0.0017874275,0.0016135577,-6.128696e-05,0.003355757,0.0046253884,-0.0022169768,-0.00025040412,-0.0015347165
ESP,2012,-0.0033378635849862226,0.7256012507138243,-14.778245842738349,0.5499230762363583,111.267206158159,-3.0186404478505624,3.6014192231718978,2,-0.0010384901,0.000500487,0.00042702194,-0.00076521665,0.004895894,0.00017203174,-0.000641202,-0.0015347165
ESP,2013,0.0051474351869997825,0.7222633871288381,-9.127004735353673,-0.186152502996495,100.766365408452,-1.9256288612679362,2.3159778070952264,3,-0.0019211163,0.0009442094,-0.0022812875,0.0007835231,0.0068321954,-0.000106936175,-0.0005641229,-0.0015347165
ESP,2014,-0.0038227588508332744,0.7274108223158379,0.3117223177593775,-0.6874148792547996,100.644131068691,0.9421207603229842,-0.5298995840288256,4,-0.0015284822,0.0015704561,-0.001094864,0.00089348655,0.005354307,-0.0017499184,-0.00058405194,-0.0015347165
ESP,2015,-0.006508462193695719,0.7235880634650046,3.5848020758340926,-0.4819361039321901,100.0,3.8669306595233266,-1.666533486047106,5,-0.0016194138,0.0024210063,-0.0013394267,-0.0016810172,0.00035809426,-0.0017199442,-0.00037337223,-0.0015347165
ESP,2016,-0.021361072298763495,0.7170796012713089,4.622738443153995,-0.0877649956118054,102.072061000923,3.9152205114822536,10.042256573244735,6,-0.003001657,0.001546781,-0.005145801,0.0009283262,-0.0008577832,-0.0030965393,-0.0005425599,-0.0015347165
ESP,2017,-0.01246202518451478,0.6957185289725454,6.196056316489162,0.4104702286729988,105.329912822447,4.092799686089865,2.347506441078484,7,-0.00046484216,0.0007179204,-0.00033314052,0.0014771842,-0.00020964841,0.00036213352,-0.00030825374,-0.0015347165
ESP,2018,-0.012378818589285467,0.6832565037880306,6.727839755907006,1.263801137034526,109.714159844044,3.460770769053889,4.0117048142061185,8,-0.0002210811,-0.0010438731,-0.0022009932,-0.00034390835,-0.00029959748,0.00029375742,-0.00039304805,-0.0015347165
ESP,2019,-0.011450794743602333,0.6708776851987451,5.173700566281703,1.5408470647638506,110.76782228472,3.6547053545810115,3.234956335411865,9,-0.0001347418,0.0003566175,-0.0056348764,-0.001853746,-0.0008858539,0.00035777624,-0.00043414818,-0.0015347165
ESP,2020,0.006841673258638492,0.6594268904551428,2.237091620528786,1.1408738693955645,116.652608853132,-9.403076360670948,0.6495639708517409,10,-0.0035965575,0.0012995203,-0.0025201663,-0.00038566862,0.016825013,-0.0019678553,0.0003949655,-0.0015347165
ESP,2021,-0.000753695373747254,0.6662685637137813,3.678272701961638,0.5966983426541894,115.267196596912,8.499908823198489,2.402712045457922,11,-0.00034954608,0.0010964143,-0.0002683719,0.0020197858,-0.0021475495,0.0003947386,0.00012354254,-0.0015347165
ESP,2022,-0.020761824147942143,0.665514868340034,7.400592304579856,1.3430517840979483,119.056380222158,12.168836799735372,5.893005903871917,12,-0.0007994869,-0.001738783,-0.004262874,0.0029470387,-0.0060683163,-0.0013060791,0.0015711392,-0.0015347165
ESP,2023,-0.0005856421530764377,0.6447530441920919,4.0254263402088375,2.0548659986503903,113.60931472006,8.929199061141379,9.305650567793133,13,-0.000532263,0.00054080394,0.002752948,0.0029405584,-0.0056588287,-0.0014372987,0.0013980038,-0.0015347165
EST,2011,-0.04043569413173054,0.6147859059009572,8.48496703898598,24.69454899201653,88.4735915385303,13.668046457364525,12.160494120592436,1,-0.0015089562,-0.0033946934,-0.006695726,-0.010010017,-0.011833967,1.530979e-05,-0.0021968645,-0.0015347165
EST,2012,-0.03344141575526516,0.5743502117692266,7.281828246655997,19.77668199533651,91.2808704587886,7.141846085561565,8.878202320843798,2,-0.0027935083,-0.0020442465,-0.0077040675,-0.006652351,-0.0027473115,-0.0032082163,-0.0011797134,-0.0015347165
EST,2013,-0.012640171077212936,0.5409087960139615,10.652301796729247,15.237709438635497,91.7581139571502,5.836180465866092,7.313770776836348,3,0.00047170813,-0.0031185488,-0.002687396,-0.005551785,-0.00092207355,-0.0025400282,-0.0011006965,-0.0015347165
EST,2014,-0.009902665830708424,0.5282686249367485,13.714631167710657,11.757576534001824,100.32260866287,5.4597747220974435,4.190765685294773,4,-0.00036411214,-0.00054419093,-0.00011130137,-0.0006181399,-0.00079599983,0.0004968839,-0.00087794004,-0.0015347165
EST,2015,-0.029093851518932734,0.5183659591060401,6.860992896433449,7.132998228448528,100.0,3.239054471437508,8.070809831307635,5,-0.00085608143,-0.0015838548,-9.005203e-05,-0.0023811858,-0.00086839456,-0.0029702787,-0.000783742,-0.0015347165
EST,2016,-0.013264453235167284,0.4892721075871074,4.744488138779013,6.477202661929993,99.8894064675139,4.793461532989363,6.6465041062469865,6,0.0020761027,0.0011356435,0.000483642,-0.0021528206,-0.00019920628,-0.0028389706,-0.00045491237,-0.0015347165
EST,2017,-0.019140528991441808,0.4760076543519401,5.505526529970228,7.329479926219307,97.951371361764,10.268344270256534,11.058283127450185,7,0.0010225602,0.0007903175,0.0006220186,-0.008030174,-0.01139423,0.00063918607,-0.00091547315,-0.0015347165
EST,2018,0.014186817115114714,0.4568671253604983,5.931283169623991,7.03994546795268,92.1078153926474,8.074094085721818,2.194450161243977,8,0.0045422814,0.00047531995,0.00053561234,-0.0046749166,-0.000870006,0.0005073125,-0.00024844898,-0.0015347165
EST,2019,0.0015303846119614772,0.471053942475613,7.00564851099339,6.829146766929117,92.9603600962015,7.749179383214289,9.185395737991286,9,0.0063533336,-0.0016297285,0.00078996207,-0.005484268,-0.002114582,-0.0025134778,-0.00060898054,-0.0015347165
EST,2020,0.0894644328569516,0.4725843270875745,6.006745564491967,-4.178277350166959,97.3881070859283,0.4692998225201528,17.498254082846042,10,0.008617176,0.0018246776,0.0015452725,-0.0029837238,0.016681619,0.04004092,0.0014435186,-0.0015347165
EST,2021,-0.017471448219553154,0.5620487599445261,15.050605458159438,3.722095712002616,103.231642784395,12.687553031791786,9.892471705491612,11,-0.001551816,-0.0031382889,0.0034680492,0.0028122072,-0.00752349,-0.0016565598,0.0005140994,-0.0015347165
EST,2022,0.0070593355056361995,0.5445773117249729,22.24273128330048,22.08280215912599,111.888627711719,16.914416791163124,17.683266022208265,12,0.0047661657,-0.012117881,-0.0037700816,0.0012046129,-0.007753075,0.02429273,0.0027405457,-0.0015347165
FIN,2011,0.011993907154946859,0.6199727148703956,3.1768433946688823,3.3349914204020337,102.238982241633,4.176751008434176,5.942701227830827,1,-0.0008429762,0.00080952194,0.0022359411,0.0020846715,1.9186818e-05,-0.00081666565,-0.00035796774,-0.0015347165
FIN,2012,0.005515324286724854,0.6319666220253425,2.415733236979412,3.6778686429269847,102.770082095662,1.1516303518837923,3.425363140002058,2,-0.0003881277,0.00057460775,0.0013740191,0.0023071272,0.0036097425,2.8221843e-05,-0.0009376284,-0.0015347165
FIN,2013,0.014256499817564938,0.6374819463120673,1.1566957310619408,2.910158673830421,102.359551187219,1.4992721135386855,4.4225310025399756,3,-0.00034513287,0.0005485588,0.0018112325,0.0025850749,0.0040493994,-0.00017464724,-0.0008609709,-0.0015347165
FIN,2014,0.0019106329452881488,0.6517384461296323,-0.3562442390574238,3.10551676063866,101.295679338441,1.1342727511685524,3.319502074688807,4,-0.00051108334,0.00012411503,0.0017350701,0.0009112968,0.0040754327,-7.2400486e-05,-0.0007898645,-0.0015347165
FIN,2015,-0.0035239388315442266,0.6536490790749204,0.0050002500125989,3.001810385751069,100.0,3.170854356534658,6.975026542953433,5,-0.000689525,0.00036931635,0.0019370993,-0.0018491333,0.0007512266,-0.0031236114,-0.00071767595,-0.0015347165
FIN,2016,0.001475142771565352,0.6501251402433762,1.2850000000000028,2.302660230265996,100.198659940665,2.6281633524827708,3.6808492275826277,6,-0.0005120528,0.00069794606,0.0017929185,6.7239904e-05,0.0004608891,9.444459e-06,-0.00027744425,-0.0015347165
FIN,2017,-0.0029822128678589355,0.6516002830149416,1.0885126129239309,2.0251674809987685,99.4043920752803,4.433878696677662,3.0007907770424946,7,-0.0005946389,0.00053214986,0.0017447906,-0.0016688006,-0.00033358048,0.00016959383,-0.0002150975,-0.0015347165
FIN,2018,-0.0017073593200440662,0.6486180701470826,0.925405933341472,1.9036747019984144,97.4960733052026,2.8649971641280025,4.311459511879745,8,-0.00053407555,0.0006436934,0.0018212453,-0.0032232169,0.0008864148,0.00017072468,-0.0002330885,-0.0015347165
FIN,2019,-0.003223501350355429,0.6469107108270385,0.4209609522427104,2.010997410714288,94.9912160595307,2.966013292667169,3.3352701917489735,9,-0.00045082546,0.0007591529,0.0015266207,-0.003162216,0.00044036895,0.0003407775,-0.00024998997,-0.0015347165
FIN,2020,0.006263697829037129,0.6436872094766831,1.7586971186277278,1.391170948105902,96.2126665150192,-0.5436958776563694,3.0851701904333506,10,-0.00036489026,0.0013793149,-0.0035048432,-0.0011948459,0.0075252885,0.00017317114,0.00043578597,-0.0015347165
FIN,2021,0.002329309554064962,0.6499509073057202,4.602490648231461,0.8358350055335917,97.836423592392,4.4378583416602835,2.625550020000733,11,-0.0005382848,0.0011238612,-2.7515139e-06,-0.002798235,-0.00048043375,0.00073044264,0.0002232906,-0.0015347165
FIN,2022,-0.0016502846986333752,0.6522802168597852,0.9596668326467884,0.988986223200361,95.3086317175539,7.35322121435904,2.3776620247333513,12,-0.0005342514,0.00074191793,8.8774745e-05,-0.0027230224,-0.0019855772,0.0005899617,0.00059235934,-0.0015347165
FIN,2023,-0.0029994342150542197,0.6506299321611518,-6.218894319149893,2.060743311896096,85.4761253264529,3.453333275647985,3.6376851723660453,13,-0.00036270983,0.002531361,0.0015593698,-0.0053738407,-0.0008647692,3.0497584e-05,4.0567895e-05,-0.0015347165
FRA,2011,0.004396152790662189,0.6130450724563545,5.940840169028072,1.1846746841810862,108.144656560309,2.6938632218763914,2.2945473306066333,1,-0.0004889888,0.0008308741,-0.0018533162,0.00084483373,0.0007174029,0.00067249365,-0.00017822594,-0.0015347165
FRA,2012,-0.0011126558172460665,0.6174412252470167,-0.5396527451900557,1.5796247840135225,106.891197157684,1.2950540078496386,2.097086581258334,2,-0.0007068777,0.00077489874,-0.004442595,0.0015544988,0.0043694917,-0.0003233681,-0.0008106432,-0.0015347165
FRA,2013,0.0022401922710074684,0.6163285694297707,-2.0523708421797515,1.6041845336308036,105.526145003281,1.3055027355947546,0.9837191382898958,3,-0.0005532719,0.0020868771,-0.0043893093,0.0015399101,0.004374557,-0.00070214475,-0.000758413,-0.0015347165
FRA,2014,0.001202392639342409,0.6185687617007781,-1.8063583815028927,1.0358373154945255,102.7036169897,1.4313435553510834,1.5516896365506128,4,-0.0006233699,0.002400961,-0.0001847838,0.00219012,0.0038934802,-0.00077331596,-0.00068730663,-0.0015347165
FRA,2015,0.00378440176186845,0.6197711543401205,-1.8886436104979087,0.64697886099081,100.0,2.202122748637425,1.4817292076204192,5,-0.00075602176,0.002577324,-8.562018e-05,-0.0015685767,0.0041951677,-0.000787858,-0.00055990147,-0.0015347165
FRA,2016,-0.0027156274668985736,0.623555556101989,0.924999999999998,0.3264174755180038,99.6031011576475,1.490444760446863,2.685871481091917,6,-0.0009869449,0.0009556963,0.00014655793,-0.0015250122,0.004480381,2.8325969e-05,-0.00015174568,-0.0015347165
FRA,2017,-0.002426352215165184,0.6208399286350904,3.0220460738171973,0.1886840879663509,100.553146040868,2.4709175226238056,2.762829036153147,7,-0.00091318047,0.0009669482,1.8065775e-05,0.00057171064,0.00017911832,0.0002841478,-0.00022727474,-0.0015347165
FRA,2018,0.0007654394442696555,0.6184135764199252,3.02957441692715,-0.2628966761170304,101.338223152342,2.7193262045271283,2.1649994393963645,8,-0.00090019306,0.001431042,-0.0029997258,0.0007799308,0.001577671,7.084596e-05,-0.00022727474,-0.0015347165
FRA,2019,-0.002733220181610485,0.6191790158641949,3.313885647607928,0.417702094101835,101.819856052158,3.2115335351137198,2.9337006356934925,9,-0.00074532826,0.0010037391,-0.0002028009,0.0005711033,0.00020723123,0.00025528576,-0.00036886422,-0.0015347165
FRA,2020,0.0031915595698603916,0.6164457956825844,5.534221820646046,0.3851436708315559,107.109934106277,-5.196395826987999,9.30280480157133,10,-0.0014436776,0.0011895294,-0.00057590706,0.00086944865,0.011316984,-0.0022094108,0.0005199734,-0.0015347165
FRA,2021,-0.002974332108658495,0.6196373552524448,6.656678082191792,0.8505515894595694,109.481977485854,7.596195794772709,2.067685875508385,11,-0.0005195481,0.0021557403,-0.0005990746,-0.00028171297,-0.0016102463,0.0005460576,0.00012864331,-0.0015347165
FRA,2022,-0.005939215446230772,0.6166630231437863,6.301424844471204,0.6746388009911009,111.207521255823,7.043000149496259,4.924559730237443,12,-0.0004974218,0.0005007533,-0.00034691213,-4.5179022e-05,-0.0019336191,-0.00045149747,0.0008129201,-0.0015347165
GBR,1998,0.002555245038081577,0.7948560060629026,11.457437654446778,2.9923170238576717,61.5952804623447,4.274943514000107,3.073291650877863,1,-0.0013513155,-0.0024841377,0.0018609627,0.0019473769,0.0002660059,0.0015388648,-0.00027797057,-0.0015347165
GBR,1999,0.0075127699393431335,0.7974112511009842,10.877531342123348,3.0231645072635427,65.2718520340933,3.934325413065465,4.836671389729252,2,-0.0018005397,-0.0023786663,0.0018609627,0.0026847275,0.0008848174,0.0010121746,-0.0007382552,-0.0015347165
GBR,2000,0.0016972442755786021,0.8049240210403273,14.924334669569417,3.2012195121951192,71.1377681411187,5.518781181358445,3.6279953243717022,3,-0.0020639452,-0.0028417618,0.0025627261,0.0022737226,-0.00037298334,0.00081635965,-0.0006857519,-0.0015347165
GBR,2001,-0.0005647062234949152,0.8066212653159059,8.142878763653716,3.3604135893647413,74.0221125919033,4.437823870776447,2.4096555419257593,4,-0.0021545747,-0.0010811745,0.0016906549,0.0014358367,-0.00010401539,0.0013302583,-0.0006048979,-0.0015347165
GBR,2002,-0.012770411742224264,0.806056559092411,16.15465360027548,2.643801357627717,83.8016680125486,3.8473275365901616,1.7347725520431734,5,-0.0029698072,-0.005106559,0.0042210235,-0.0038599586,-0.00033706886,0.00025011617,-0.00038193594,-0.0015347165
GBR,2003,-0.004664058891668099,0.7932861473501868,15.662921349618752,1.461886529759826,94.1891522472249,5.737220141273092,3.4212093325393766,6,-0.00246615,-0.0051669795,-0.005531993,-0.0029049227,-0.00027315092,0.0010835427,-0.00047775844,-0.0015347165
GBR,2004,0.006956005627038131,0.7886220884585187,11.870992809757407,2.2298456260720245,101.208159065424,5.0005276766397655,2.1833289714734416,7,-0.0030454078,-0.00018535485,0.0021490436,0.00084037887,-0.00020410323,-0.00017213047,-0.00021857701,-0.0015347165
GBR,2005,-0.013152652632602124,0.7955780940855568,6.949198082313424,3.4899328859060663,104.668341063216,5.903834347221215,4.2138086914206285,8,-0.003652535,-0.0009779619,0.0019940583,0.0016322905,-0.00053291523,0.0004910273,-0.00018132952,-0.0015347165
GBR,2006,0.0033596166180672737,0.7824254414529547,7.855036567095697,3.112840466926059,108.487289936262,5.343457718485989,4.7979208395286355,9,-0.0035736267,-0.0008785132,0.0018672209,0.0008972835,1.5053338e-06,0.0004092188,-0.00067929755,-0.0015347165
GBR,2007,-0.008874908518322067,0.785785058071022,9.902766642879593,3.1446540880503804,113.996433637537,4.901090040383815,3.6114840502559087,10,-0.0038448728,-0.0019193549,0.0021647217,0.0012239107,-0.00016177293,0.00032604276,-0.00018694482,-0.0015347165
GBR,2008,-0.008518223325563179,0.7769101495526999,-4.460482789211273,3.353658536585291,106.42197375648,3.8210771157631163,7.565340893015771,11,-0.0041599115,0.0013212953,0.0022677581,0.0016025623,-0.0011068704,-0.0022457426,-2.679641e-05,-0.0015347165
GBR,2009,-0.03032221957932746,0.7683919262271367,-8.934719437056149,1.887905604719875,95.2612430572597,-2.0583328737660667,-9.244753994013577,12,-0.0030505513,-0.0022379924,0.0007597794,-0.0015184197,0.0050235162,-0.015625685,4.3599655e-05,-0.0015347165
GBR,2010,-0.01573843861583646,0.7380697066478092,5.760082063125949,1.3607411696583194,99.6862315399478,2.4977811499449887,-1.958579435785368,13,-0.002068073,0.0005890264,-0.003461315,-0.001991612,0.00047851473,-0.0033999186,1.26606365e-05,-0.0015347165
GBR,2011,-0.020446191461262808,0.7223312680319728,-1.476951312297159,2.485004284490233,97.8301845576654,2.4294275302159107,5.316180296079076,14,-0.0030492397,0.00054423814,0.0011117931,-0.0035569253,0.0009137056,-0.00043918178,-0.00037516592,-0.0015347165
GBR,2012,-0.014896270925842336,0.70188507657071,0.4244382088708365,3.344481605351124,95.0023495267994,3.2142972068477382,9.471976467418152,15,-0.0008446707,0.0006571965,0.0026170705,-0.0039843447,-0.0019428548,-0.0020401622,0.0008173733,-0.0015347165
GBR,2013,-0.007761791081518532,0.6869888056448676,2.548193195425963,2.48112189859766,94.270315265913,3.7639793348116513,2.74705270013178,16,-0.00030023325,0.00064514525,0.0016032564,-0.003440626,-0.0012981521,0.00016345427,0.00013841073,-0.0015347165
GBR,2014,0.001438242973640591,0.6792270145633491,8.003858108610928,2.3421052631578343,99.1058134314452,4.741966418452326,7.670962139285109,17,-0.00044997697,-0.0015170265,0.0019811625,-0.0021860767,-0.0005821972,-0.002185431,0.0014301273,-0.0015347165
GBR,2015,8.25231964239892e-05,0.6806652575369897,6.000121899835453,2.879917716636493,100.0,2.8262731287115983,6.4694812177847005,18,-0.00024934023,0.00035399947,0.0019627241,-0.0017895654,0.00038483797,-0.0016673357,0.00067854027,-0.0015347165
GBR,2016,0.0077174124084991025,0.6807477807334137,6.978982552543989,1.724568857786002,105.816750766293,3.9028450108131496,5.379789545175506,19,-0.00030054955,-0.0007887257,0.0034381063,0.001734741,-0.00047892745,-0.0007504965,0.00062180153,-0.0015347165
GBR,2017,-0.00193248301427551,0.6884651931419128,4.528448273847241,0.958230958230688,108.433079833136,4.685349068630118,1.117950836603998,20,-0.00034199588,0.001100523,-0.00028582301,0.0006153824,-0.00015799404,-0.0005202447,0.00060373003,-0.0015347165
GBR,2018,0.011252204074061245,0.6865327101276373,3.227847393777661,0.4623996106107864,108.192483417934,3.63563014792907,5.597002729248723,21,-0.0004582415,0.0009685939,-0.00034531727,0.00060819066,-0.0004891355,-0.001222919,0.0005891389,-0.0015347165
GBR,2019,-0.0033520637695159117,0.6977849142016985,1.0081583945706465,0.7267441860462354,105.845632106517,3.877247562058339,1.969781973651119,22,-0.00044476756,0.00066379004,-0.00021493432,0.0014954301,-0.0007717347,-0.00050334126,0.00050078647,-0.0015347165
GBR,2020,-0.0005596886180577743,0.6944328504321826,2.8592073552494046,1.4189514189519414,109.422040488916,-4.7825359710176985,-1.2016877509049673,23,-3.2527176e-05,0.0021120445,-0.0038081664,-0.0021788764,0.008429101,-0.0027448696,0.00045789758,-0.0015347165
GBR,2021,-0.0005597689504841519,0.6938731618141248,8.128857694960656,1.6599478302113724,113.687826159835,8.750353812126942,5.545378083485986,24,-6.7409885e-05,-0.0017549997,-0.0056467475,0.0032015536,-0.0059043225,-0.0005463231,0.0016054498,-0.0015347165
GBR,2022,0.010029366010630869,0.6933133928636407,9.265710336425649,3.4989503149051027,118.491750186441,11.321711562861147,11.827100117168454,25,-0.0007817789,-0.0017357924,0.0036295839,0.0046099992,-0.008059179,0.004530822,0.0029314377,-0.0015347165
GBR,2023,0.029702456767117025,0.7033427588742716,0.294822347921686,5.747126436781658,111.569784366089,7.532238487085019,12.862121364957169,26,0.003939274,0.0009299225,0.0013955005,0.0008359732,-0.0025286395,0.007258653,0.0022093384,-0.0015347165
GRC,2011,0.05394637017748993,0.5318098505944898,-5.466542386185235,0.8351193120404998,122.301744207396,-9.558179383285381,-2.085669045421734,1,0.006174454,0.003230244,0.0021911906,0.0033811654,0.026370924,0.0051424513,-0.0004414919,-0.0015347165
GRC,2012,0.0004729310493886141,0.5857562207719798,-11.660447922558903,-2.0799804773427577,123.660182721757,-8.175686060817922,-7.711158177584609,2,-0.0032617897,-0.0029821652,-0.0040868754,0.00037913444,0.0103069255,0.012138619,-0.0013952894,-0.0015347165
GRC,2013,-0.031294868883181115,0.5862291518213684,-10.851741687113137,-6.787479278191899,117.045460682155,-3.6459961162191523,-4.7117087333777725,3,-0.002287208,-0.0010063971,-0.013795048,-0.0008300262,0.0048425747,0.0031490962,-0.0009524587,-0.0015347165
GRC,2014,-0.022028468272192958,0.5549342829381873,-7.464663437777997,-7.668410195751962,107.679889438423,-1.5462553465555695,-2.696023615269616,4,-0.0007099163,-0.00016720309,-0.013072613,-0.0010767517,0.0050632274,0.0017345105,-0.0008713916,-0.0015347165
GRC,2015,-0.009513276610955357,0.5329058146659943,-5.051497693938256,-4.43248549822809,100.0,-0.36995181981646086,2.4987175524502137,5,0.0014595472,0.0013523666,-0.005318279,-0.0009446347,0.007359584,-0.0005748721,-0.000756245,-0.0015347165
GRC,2016,0.015733219369513884,0.5233925380550389,-2.377000000000196,-2.6118573041106985,98.1335816114289,-1.7864083440676137,-3.1279670430905293,6,0.0019022638,0.002772761,-0.0010620791,-0.0013312409,0.008268456,0.004136737,6.838921e-05,-0.0015347165
GRC,2017,0.012901726800804592,0.5391257574245528,-1.012824846603788,-2.2220028822808047,95.688825009796,1.8200005787563533,-0.09763977026802095,7,0.0013156526,0.0017565055,-0.0007290552,-0.0013965557,0.0059040436,-0.0012916161,0.00019972354,-0.0015347165
GRC,2018,0.013013478948828427,0.5520274842253574,1.8055192646500684,-3.2136190825267086,97.1779356576723,1.196921771983539,-2.236367792953864,8,-0.00039094593,0.0027863882,-0.0018555631,-0.0011676314,0.005960348,0.004681136,0.00018755488,-0.0015347165
GRC,2019,-0.013464005650020705,0.5650409631741858,7.219528557924049,0.0,96.232770746135,2.616087795850941,8.790715744491063,9,-0.0022956054,-0.0014782737,-0.00011510102,-0.0035428638,0.0006248594,-0.0033606275,-0.0005565437,-0.0015347165
GRC,2020,0.09245015372811105,0.5515769575241651,4.495338045060038,0.0,105.183449000272,-8.396778137625894,-7.470327387126263,10,0.0042400835,0.0033040247,0.002793923,0.0031206312,0.030404354,0.020640392,0.00064331776,-0.0015347165
GRC,2021,-0.011988066045643286,0.6440271112522762,7.605019812063252,0.1181995711125649,101.438287498669,9.358538192737619,5.710835305922934,11,-0.00027399458,-0.001557147,-0.0011379347,0.0010388349,-0.0063367137,-0.001172461,0.0004879008,-0.0015347165
GRC,2022,0.030022058640391536,0.6320390452066329,11.939556050191502,1.2858314884225177,106.629352983269,13.42471559215699,2.7357189388575343,12,-5.5429507e-05,0.0001722285,-0.0023505753,0.0024600641,-0.0051290337,0.0020061813,0.0022812583,-0.0015347165
HRV,2011,-0.03804849036809155,0.8152955201179055,0.0656064068046857,1.20506817242807,109.758222642891,3.332022712391103,0.6100111438472222,1,-0.004960674,0.00060374744,-0.0018705291,-0.002762581,-0.0008787916,-0.001279516,-3.520573e-05,-0.0015347165
HRV,2012,-0.005275120564935509,0.777247029749814,-1.6164767589083362,-0.0561339048784748,108.741117794091,-3.8373871986203567,4.940462577482241,2,-0.0032025082,0.00087192806,-0.00044155234,-0.0014013287,0.0045892447,-0.0004963724,-0.00061750936,-0.0015347165
HRV,2013,0.016320127584697364,0.7719719091848785,-4.026012822574709,-0.0187218109097719,104.451381974282,0.9866559959260668,-4.659737725121371,3,-0.0016214185,0.003055379,0.0012051922,0.0016638197,0.004104666,0.0063496274,-0.0005443584,-0.0015347165
HRV,2014,-0.008236063357901169,0.7882920367695758,-1.503651382736526,1.526113305188681,101.590549096083,-0.3968857280454374,1.0746702092870208,4,-0.003064626,0.0007743726,-0.0044621113,0.00082302804,0.0058504622,-0.0009512645,-0.000495031,-0.0015347165
HRV,2015,-0.003284431630473539,0.7800559734116747,-2.7615042419233737,0.6036166698804024,100.0,0.3659044220074126,0.7116572718376846,5,-0.0023938417,0.0016799965,0.00039300474,-0.00081400236,0.0060237283,-0.0014157676,-0.00039936823,-0.0015347165
HRV,2016,-0.008570678961591027,0.7767715417812011,1.032474188145005,-1.079991000075098,94.985024664092,3.4228942685996744,1.1327129962001914,6,-0.0024201844,0.0014918189,-0.0014475111,-0.00199693,-6.193918e-05,-5.09542e-05,-0.0002183983,-0.0015347165
HRV,2017,-0.0017669975532119686,0.7682008628196101,3.912010689365819,-0.2838970557263232,95.3292310582019,4.372413667384811,1.6627504002198368,7,-0.001938959,0.001719422,-0.002202789,-0.0023046911,0.0004941207,0.00020820517,-0.00019622121,-0.0015347165
HRV,2018,-0.0018720978554829237,0.7664338652663981,6.488867722347202,2.563192754798216,94.8669961316777,4.274101831117494,0.9766962364578635,8,-0.0019049104,0.0007921532,0.0012876497,-0.0033929052,-0.00033866338,0.00028409256,-0.00012909464,-0.0015347165
HRV,2019,-0.027293695880397206,0.7645617674109152,8.801431127012682,4.86647666430593,97.2786192066043,7.344802283718077,7.216014715378738,9,-0.0026628561,-0.001934769,0.00036249286,-0.004437112,-0.0023556857,-0.0026043078,-0.0011172802,-0.0015347165
HRV,2020,0.010089088321165951,0.737268071530518,7.347500822098163,2.1773623438846146,103.181246277829,-6.4761975602862005,1.155964709274948,10,-0.0020141115,-0.0012726159,0.0008843134,0.0031830347,0.011313712,-0.0013921587,0.00015563182,-0.0015347165
HRV,2021,-0.0288224957714851,0.7473571598516839,7.497463192357334,0.4574037914543361,96.9111957107712,13.379456915649634,6.540949678322039,11,-0.0027790263,-0.0020478468,-0.00075845944,-0.005096162,-0.009640427,-0.0022259562,0.0001156823,-0.0015347165
HRV,2022,-0.04113491309307449,0.7185346640801988,14.828931198461092,3.1765345087505947,98.6219924023178,17.68950917234049,14.327055104996035,12,-0.005943068,-0.005452921,0.003783645,-0.008388554,-0.012561046,0.0061682183,0.0016124165,-0.0015347165
HUN,2011,0.007703910323217711,0.6681002338458718,-3.4299594277172663,1.8508844232063335,105.790357212196,4.356965110089872,1.385505757344574,1,-0.0006377829,0.00055428373,0.0038320762,0.0016249933,-0.00024168735,-0.00042279068,-3.0450863e-05,-0.0015347165
HUN,2012,0.0102606367904432,0.6758041441690895,-3.703806075347582,3.839264455978775,99.1484658749791,0.5518759805532181,0.5856198217899955,2,-0.00021958332,0.0017554706,0.0014791181,-0.0012649558,0.0053582806,-0.0014869433,-0.0008993578,-0.0015347165
HUN,2013,-0.011152899146691375,0.6860647809595327,-2.5574786876775946,2.052005726114792,92.8137636442771,5.494856861102471,3.2832427745718817,3,-0.0004498401,0.0015685778,0.0015564369,-0.003500754,-0.00071725296,0.0006469408,-0.0006777581,-0.0015347165
HUN,2014,-0.011483166600070871,0.6749118818128413,4.191704960527853,0.3019168237991421,92.5166714250269,7.7002662914603,3.0424345278243115,4,-0.00052653765,0.0013570224,0.00028833034,-0.0034298021,-0.0018230159,0.000970415,-0.0006565951,-0.0015347165
HUN,2015,-0.0012241223503420828,0.6634287152127705,13.086992168725663,2.0167458941386496,100.0,6.449830861027928,2.4278477315277547,5,-0.00041890074,-0.0020696488,0.002913346,-0.002202642,7.437028e-05,0.00061016786,-0.0005894877,-0.0015347165
HUN,2016,0.01964796134299318,0.6622045928624284,13.377499999999998,5.234264476574002,106.909479003776,4.841970162341402,16.99572116770076,6,-0.001767407,-0.0007221863,0.0017319471,0.0021396822,0.0007395161,0.016336968,-0.00043616997,-0.0015347165
HUN,2017,0.007643844547483902,0.6818525542054216,12.22685277061144,3.039313949756361,109.057074875138,8.607792210163101,10.122664704971118,7,-0.00033148148,-0.0012359631,0.0038669112,0.0008833441,-0.008652244,0.002667982,-0.0014018137,-0.0015347165
HUN,2018,0.004671709478180075,0.6894963987529055,14.34690348946872,5.050322700237642,111.173249795845,9.984184286514907,14.577158889881868,8,-0.0005925088,-0.00080466166,0.0028775742,0.0013785948,-0.009045974,0.0080655925,-0.0013424819,-0.0015347165
HUN,2019,0.008010777196329033,0.6941681082310855,16.957627409876608,9.392332248035862,116.732777352312,9.868202220562194,16.789876057462404,9,0.00015241408,-0.014307859,0.004650648,0.004645534,-0.008344404,0.014270522,-0.0013586129,-0.0015347165
HUN,2020,-0.0015759525105332184,0.7021788854274146,4.942189313470546,4.276365220975098,119.140278818481,2.463913317840505,7.111220607291946,10,-0.0006218688,0.0004932651,0.0015732467,0.0022943644,0.00018120094,-0.0020231942,0.00036376598,-0.0015347165
HUN,2021,0.0022736871787057966,0.7006029329168814,16.497039100670573,1.8938517927060028,120.910832340601,14.107186948367257,15.16109414009672,11,-0.0005807115,-0.0065992153,0.006103695,0.0044210115,-0.009513813,0.009149963,0.00043700964,-0.0015347165
HUN,2022,0.03744905997526071,0.7028766200955872,22.340924112239374,10.541058127805549,123.633657942507,19.08597863751926,31.144872260393065,12,0.0040221126,-0.008463889,0.0048882416,0.009849805,-0.007206495,0.015983006,0.002574077,-0.0015347165
HUN,2023,-0.008774472675135647,0.7403256800708479,7.083079582735796,13.773657681320197,112.242187548967,16.24321791271366,14.766737928206375,13,-0.0036332174,-0.0020956532,-0.0005840593,8.932132e-05,-0.009929444,0.00800688,0.0010961161,-0.0015347165
ITA,2011,0.0013801369564856447,0.6569525713126877,1.3278447390979498,1.6134028051466132,118.106665689532,1.8768470683719451,3.733805913837651,1,-0.00042249978,0.0010204617,-0.00427231,0.0010081832,0.0040278556,-0.00014290398,-0.00019720297,-0.0015347165
ITA,2012,0.004406270828406722,0.6583327082691733,-2.547992873389837,2.181578362557013,119.393760776563,-1.5175520828073052,2.086048080701297,2,-0.00024420876,0.001019446,0.0017819311,0.00077109196,0.0042820442,-0.0007683926,-0.00093805004,-0.0015347165
ITA,2013,0.010880103365715987,0.6627389790975801,-6.523779925842166,1.3163303287272,111.49843352498,-0.27036231481634143,0.5768906291763853,3,3.2562348e-05,0.0027212088,-0.0032407918,-0.00024046132,0.0049341405,-0.0017877119,-0.00076941843,-0.0015347165
ITA,2014,-0.0013631485747186423,0.673619082463296,-4.661891353993064,-0.3089684626231159,105.470288406303,0.9523616278539038,1.2718463577568784,4,-0.00047730797,0.0021123898,-0.002220928,0.0015476018,0.005150385,-0.0008477584,-0.0006734632,-0.0015347165
ITA,2015,0.004904881199995437,0.6722559338885774,-3.799663299663592,0.1350890326762721,100.0,2.070832803223821,0.7967824107194099,5,-0.00041298894,0.002078916,0.00015610486,-0.0015388408,0.004484375,-0.0008437601,-0.0005650022,-0.0015347165
ITA,2016,0.00275764972755832,0.6771608150885728,0.2612493468759913,0.3003611513250126,98.7453673421661,2.332235027206764,1.0530696419660757,6,-0.00056224875,0.001233667,9.0381785e-05,-0.0009758054,0.004288465,-0.00071663223,-0.00015684646,-0.0015347165
ITA,2017,0.001896248758072816,0.6799184648161312,-1.100871221754618,0.1993852454422073,95.3510890182809,2.3012255822313588,1.1207953297140527,7,-0.00054521597,0.0011421196,0.000527884,-0.0020949997,0.0045280457,-0.0004883006,4.6255977e-06,-0.0015347165
ITA,2018,0.0019256360934676309,0.681814713574204,-0.5564365871553734,0.3813863179985999,93.239599202877,2.040087667459378,1.2663165705587343,8,-0.0005162109,0.0010805425,0.00039603436,-0.0023234547,0.0048170434,-0.0004883006,4.6255977e-06,-0.0015347165
ITA,2019,-0.006028286822349238,0.6837403496676716,-0.0884834594243266,0.2725696328689686,92.2562222610757,1.3709503199657913,2.124980339081395,9,-0.00049414375,0.0010240909,0.0005946368,-0.002884782,0.004811691,-0.00016557895,-9.6419986e-05,-0.0015347165
ITA,2020,0.028280903271398095,0.6777120628453224,1.9163864746554404,0.238888012995897,96.0217886789562,-7.139682822395999,-1.6904712938053845,10,-0.0002582568,0.0023963305,0.0010131211,0.0006423635,0.015761843,-0.0011912285,0.0004537534,-0.0015347165
ITA,2021,-0.004783508217720778,0.7059929661167205,2.48763155863565,0.0410962314980389,93.2801536711323,9.870503131712493,1.7520448262308141,11,0.0030783887,0.0020721809,-0.0006613852,-0.004069749,-0.007148837,0.00076294196,0.0004982912,-0.0015347165
ITA,2022,-0.010707807611688214,0.7012094578989997,3.838510463585476,1.1335633316900573,90.8598117456353,9.09906981463202,4.497217790467878,12,-0.0002459482,0.0015142063,-0.0011655081,-0.006457543,-0.0073931813,0.00047655037,0.0010168548,-0.0015347165
LTU,2011,-0.005814129248954414,0.5864980950763182,6.59767678656773,2.307433458197261,108.199067404486,11.654561298342013,3.815529285871122,1,-0.0017722251,0.0005987506,0.0025015385,0.0019817818,-0.0060071363,0.0008150605,-0.00088818447,-0.0015347165
LTU,2012,-0.004735817377893192,0.5806839658273638,-0.2300284611484904,10.22072606511384,103.828719526854,7.118060008729632,5.113352926252901,2,-0.0023112672,0.0003978983,0.00026419706,0.0021903221,-0.0017048728,-5.990811e-05,-0.00093616376,-0.0015347165
LTU,2013,-0.0075566516592465716,0.5759481484494706,1.203036900574972,6.504432345329514,97.9923972122367,5.11421386549713,8.618801610869298,3,-0.002482101,0.0008461111,0.00024475768,-0.0037819925,-0.00042643788,-0.0027012588,-0.000990742,-0.0015347165
LTU,2014,-0.01434018185849506,0.568391496790224,6.436274374603568,11.685081417852894,100.988905059822,4.336075878953594,7.163023461125162,4,-0.00240603,0.000237919,-0.0010041958,0.0009325757,-0.0007800694,-0.0024869419,-0.0010473541,-0.0015347165
LTU,2015,-0.027323902943616862,0.554051314931729,3.651925598461792,18.128300689461582,100.0,1.6206732635013932,5.611670761728016,5,-0.0020359575,0.00080495136,-0.008693141,-0.0013826435,0.0037245175,-0.0014114791,-0.0006985404,-0.0015347165
LTU,2016,-0.009050582454004252,0.5267274119881121,5.408263520658996,10.400505520025003,96.4224152360455,4.157099734207015,6.269236606733175,6,-0.00074695033,0.00036789765,-0.00051054836,-0.0037083242,-0.00029700104,-0.0018424301,-0.00048550786,-0.0015347165
LTU,2017,0.007040609296714795,0.5176768295341079,8.913697252580688,0.3632909271246376,102.855189787036,8.517962198916361,3.9740845842302974,7,0.00027202797,-0.002021119,-0.00047952877,0.003311194,-0.0039803684,0.0008690087,-0.00048768436,-0.0015347165
LTU,2018,-0.019369595030062303,0.5247174388308227,7.313349955902582,5.7677880481392,101.687078983502,7.755959732675577,12.221257225000759,8,-0.0009228264,-0.0022928186,0.0009044598,0.0007220529,-0.0035618744,0.004239905,-0.00041679805,-0.0015347165
LTU,2019,0.025396006494390888,0.5053478438007604,6.840720050162719,7.663809185537862,98.7366444821193,7.382688129642001,2.77417506854043,9,0.0024545079,-0.0015389738,0.0012668951,-0.0019284347,-0.00091115705,0.002153356,-0.00040674885,-0.0015347165
LTU,2020,0.012406455412381612,0.5307438502951513,7.265579001347899,2.66115125746238,96.8893476694277,2.174474411837446,4.678380390188175,10,0.0010240535,-0.0016132153,0.0015901765,-0.0030828014,0.0045406413,8.099288e-05,0.00049577357,-0.0015347165
LTU,2021,0.01715058370130762,0.5431503057075329,16.047588019066694,1.812590687435556,101.056263756451,12.503836714849692,6.611557947502833,11,0.0024874206,-0.0028475036,0.009390503,0.0011906711,-0.0045043365,-0.0019605684,0.00018248637,-0.0015347165
LTU,2022,-0.002723470923707616,0.5603008894088405,19.050801425094743,16.144077170549576,107.078729398587,20.143288388244642,18.75024237003615,12,-0.0009959802,-0.012048257,-0.0015099893,0.0023666497,-0.008299922,0.02257145,0.0027430665,-0.0015347165
LUX,2011,0.02484811586964053,0.5105826085664106,3.671971005994679,1.909226579351864,88.8784523761608,4.093379803406916,3.803725851079909,1,0.0009684581,0.0013543362,0.0023484856,-0.005489518,0.00012794038,0.00048622637,3.2548687e-05,-0.0015347165
LUX,2012,-0.02400305237829481,0.5354307244360511,4.203483247139661,1.331855026372808,90.2476535924672,4.7275254568494685,2.3440909417677513,2,0.00074045005,0.0015020594,-0.0032651257,-0.0054166624,-0.00075383385,0.0008906812,-0.0007548769,-0.0015347165
LUX,2013,-0.060486402808824224,0.5114276720577563,4.987253257420798,1.3997891502032012,91.4748340424546,5.606011628522367,12.391626857710802,3,-0.0020197853,0.00051704823,-0.0058707786,-0.008097596,-0.002415007,0.00075923564,-0.0018322096,-0.0015347165
LUX,2014,-0.009873510707457678,0.4509412692489321,4.381842331775809,0.9572161336779184,94.5741113060348,5.078599630735692,4.363709352632172,4,0.0029377704,0.0013027913,-0.00060171454,-0.0032558613,-0.00060328405,-0.00037323302,-0.0005865649,-0.0015347165
LUX,2015,-0.018738167803449002,0.4410677585414744,5.382128771692374,1.6546248283306977,100.0,7.096127665193652,4.103078402134175,5,0.0025563794,0.00061780866,-0.0061368216,-0.0022585043,-0.0019510707,-0.0006078183,-0.00056854205,-0.0015347165
LUX,2016,0.005572166102685627,0.4223295907380254,6.072999999999995,0.850607563796002,106.096125364081,3.7324197376033874,4.810745486890244,6,0.0026174556,0.00056534196,-0.00071496837,0.0013174859,-0.0006659319,-0.00085208425,-0.00038577453,-0.0015347165
LUX,2017,0.01220241716473569,0.427901756840711,5.666852073571982,1.1681140221270203,107.051833987213,3.162809671172484,5.055426201941038,7,0.0024092295,0.0005186419,-0.0022518737,0.0014752526,0.00033558262,-0.0011115959,-0.0001001935,-0.0015347165
LUX,2018,-0.005693598059958005,0.4401041740054467,7.425680739445406,1.2650613332633842,112.336701731267,2.870247563311268,3.261138886173165,8,0.0021567487,-0.0010267143,-0.002598209,-5.1600873e-05,0.00023094914,-0.00045465332,-0.00019957904,-0.0015347165
LUX,2019,-0.024575359700481025,0.4344105759454887,9.525193717973224,1.3499404153381134,118.846332006882,3.598043689138164,1.70513671806527,9,0.0027509346,-0.0034340129,-0.004644102,0.002007151,-0.0007856422,-0.0027451064,-0.0005673621,-0.0015347165
LUX,2020,-0.002179213109558209,0.4098352162450077,14.528799781613031,1.0849300416723828,128.255305573705,3.7138375748696717,-1.9377618447160905,10,0.0040215566,-0.001574556,-0.0027246955,0.006304156,-0.00089864177,-0.00440123,-0.00016002038,-0.0015347165
LUX,2021,-9.275345765258347e-05,0.4076560031354495,13.956937418893522,1.378079587946468,145.982346512782,13.108603365711712,4.41074135614925,11,0.0063597234,-0.0016142001,-0.0058203973,0.008784163,-0.0039677843,-0.0007853888,-0.00027297402,-0.0015347165
LUX,2022,0.023701266863925097,0.4075632496777969,9.53731785539984,1.7410252085338307,154.473031805959,4.762408011168429,-0.4097870707915341,12,0.0060026697,-0.0025245142,0.0039854767,0.007498641,0.00012368184,-0.0054223165,0.0013181445,-0.0015347165
LVA,2011,-0.04538273196936382,0.6586372601063386,10.423148724331032,5.598404174980498,112.28483232112,11.10675474083318,23.338202449633073,1,-0.00266877,-0.0044842213,-0.00036396072,-0.00016350753,-0.010463903,-0.0062487363,-0.0052070892,-0.0015347165
LVA,2012,-0.003943500540710132,0.6132545281369748,2.9726683572837365,9.559137122897043,106.876104078593,10.87952796965519,17.275867697859827,2,-0.0022434117,0.0005555139,0.00010659012,0.0024579675,-0.008710503,0.010235896,-0.003536524,-0.0015347165
LVA,2013,-0.012051681425180538,0.6093110275962647,6.851826515255266,5.650211677758255,110.185641403375,3.2590205368642655,8.37142287479169,3,-0.0009128989,-0.001175512,5.049952e-06,-0.0012657465,-0.001154784,-0.0020245442,-0.0011739848,-0.0015347165
LVA,2014,-0.023364154532488413,0.5972593461710841,5.995031883018553,4.946320236611879,110.262071471574,3.8326165795699474,11.410802625559935,4,-0.001785543,0.00024297008,0.00022662869,-0.0012232254,-0.0009441594,0.004494631,-0.0012637504,-0.0015347165
LVA,2015,0.03399611941616265,0.5738951916385957,-3.3582991060642664,0.7434793590830102,100.0,2.551753430968562,-7.985085736244635,5,-0.0012332452,0.0038344297,0.000918063,-0.0017944749,0.0006664409,0.020636152,-0.00048835215,-0.0015347165
LVA,2016,-0.018666836554635302,0.6078913110547584,8.487500000000004,-1.3806925690345917,101.703729102739,3.905509168353749,6.824625826792974,6,-0.0010174705,-0.0013853156,-0.0027918944,0.00086383737,0.00048247346,-0.0031215425,-0.00073005963,-0.0015347165
LVA,2017,0.03544342851519389,0.589224474500123,8.779813342551002,-0.3506362256009199,102.712045982154,6.300087066752691,2.555288387880039,7,-0.0010053508,-0.0016196877,-0.0030875609,0.0028957548,0.0012937523,0.0017076184,-0.00034380035,-0.0015347165
LVA,2018,-0.011865448368026388,0.6246679030153169,9.56466476008897,4.168325832879516,104.151188326211,7.401056229749869,8.100212926711992,8,-0.0009075163,-0.0028806005,0.0019480531,0.0023371065,-0.0025558032,-0.0021424529,-0.0007278211,-0.0015347165
LVA,2019,0.022815404093001423,0.6128024546472906,8.952049497293114,4.640215539988746,106.472237145849,5.175645030300857,3.1329285037593024,9,-0.0006074824,-0.00089629163,0.0012343242,0.0020019184,-0.00011836608,0.0012221358,-0.00038714247,-0.0015347165
LVA,2020,0.016496316078405848,0.635617858740292,3.4729370008873106,-2.157485923503566,107.148380911255,-1.2632321878220276,0.5085827575967095,10,-0.00036477725,0.0016268697,-0.0013286169,0.0014942817,0.0067662247,-0.0013670189,0.00051325903,-0.0015347165
LVA,2021,-0.14442306980366615,0.6521141748186978,10.892345687481786,1.576392092469181,110.649139675482,6.777636737775183,-27.077442406581365,11,0.00014079329,-0.0054848786,-0.0058019552,-0.0025484802,-0.0042220433,-0.102431506,-0.00014794598,-0.0015347165
LVA,2022,0.022965347944458037,0.5076911050150317,13.832781713013077,2.9357188044652816,112.915797165717,12.326893398333727,8.283924688995569,12,0.004185624,0.0005729841,0.0033527247,0.003910891,-0.0033783643,-0.0011816879,0.002204668,-0.0015347165
LVA,2023,-0.016481682644433282,0.5306564529594897,3.739028830738289,2.873550631897559,112.089345690421,10.363688345664013,15.65039995621811,13,0.00020239403,0.0011945477,0.0034010818,-9.788164e-05,-0.008811842,0.011116579,0.0016756249,-0.0015347165
NLD,2011,0.046046059360299096,0.1748789518655653,-1.984016584700421,1.7098565186378645,115.361919945052,2.0841662894512947,5.715370739580372,1,0.0312545,0.0015261692,0.00013760413,0.00091296184,0.003916245,-0.0012569884,4.2808035e-05,-0.0015347165
NLD,2012,-0.11001279091605379,0.2209250112258644,-6.712996344441935,2.310596475218696,107.723595776104,0.7318966855880848,-13.036970513396195,2,0.018274065,-0.00080768764,-0.00023724281,-0.0017235181,0.0010599567,-0.112081766,-0.0007506477,-0.0015347165
NLD,2013,0.05580256492099811,0.1109122203098106,-6.000853899720948,3.7495437635856943,100.926716518539,0.8055399498485771,7.308089500860593,3,0.034367938,0.0030048843,0.002000974,0.0013392251,0.0056375805,0.00051373185,-0.000806758,-0.0015347165
NLD,2014,0.06361128920172959,0.1667147852308087,0.8196592932136371,4.493130325887829,99.0604508156311,1.5086613370487667,11.365604850351275,4,0.036330264,0.0009505175,0.0020269845,-0.000998317,0.009960453,0.012568936,-0.0009593894,-0.0015347165
NLD,2015,0.0677196930846751,0.2303260744325383,3.566305738091269,3.3050752644583348,100.0,3.9203969106850423,13.791911510542686,5,0.03386341,0.0017546774,0.0037937185,-0.0015425328,0.0019994166,0.01804167,-0.0002411331,-0.0015347165
NLD,2016,0.020638455655452193,0.2980457675172134,5.293499999999995,2.0811948959400084,102.100245359483,2.2532556959578676,5.351356824625353,6,0.004535388,0.00036439113,0.0018885679,0.0023112872,0.004066729,-0.0013113695,0.00015449565,-0.0015347165
NLD,2017,0.04094045571443322,0.3186842231726656,8.071011031070285,1.7981273731113134,108.087141845708,4.212506143435024,10.370512758902395,7,0.00848811,-0.0003017304,0.0059616305,0.0010914833,9.095353e-05,0.0064037205,-0.00028802612,-0.0015347165
NLD,2018,0.045473298481508995,0.3596246788870988,9.30383793201177,1.9560850392261075,112.841332049421,4.695827778332018,10.432359472286334,8,0.009485576,-0.0009354251,0.003774884,0.0033004328,0.0006652503,0.008998564,-0.00020983648,-0.0015347165
NLD,2019,0.0030726319232348143,0.4050979773686078,7.237972724440467,2.4493284297365303,115.945418628428,4.667413576040369,4.0866616725150795,9,0.004884937,-0.00087367586,0.002202429,0.002144978,-0.00023319839,-0.0010643693,-0.00037129864,-0.0015347165
NLD,2020,0.008074416546787477,0.4081706092918426,7.991565531137268,2.724182247834306,120.81479587126,-2.1148753034650136,5.185704274702174,10,0.0038207946,-0.0007210107,0.0018650208,0.0016170951,0.0030756043,-0.0013301369,0.0005169166,-0.0015347165
NLD,2021,0.038381098155690796,0.4162450258386301,14.47474842145089,1.846209174858715,131.111753134455,11.56972385531574,-8.687901759187566,11,0.0077268737,0.0036012235,0.009765583,0.009770987,-0.0023014587,-0.009457589,0.00013945434,-0.0015347165
NLD,2022,0.09058136176646026,0.4546261239943209,13.299927224210071,1.8611306798159253,138.605615038396,12.181425485961128,21.174475469316924,12,0.012316657,0.0026121496,0.013024352,0.012987017,-0.0041709584,0.03513611,0.0029542402,-0.0015347165
NLD,2023,0.07713913432285657,0.5452074857607812,-1.9082513806720656,2.464090738155233,125.972917354723,6.375665128679731,22.96826688364524,13,0.0038847052,0.0035159972,0.0058307108,0.010304119,-8.823117e-07,0.03464223,0.0018253089,-0.0015347165
NLD,2024,-0.008112297768241405,0.6223466200836377,8.155018751168107,3.72448402768053,130.53870239047,5.844193645010964,5.578053041130704,14,-0.0015385946,-0.001473757,0.0016224047,0.0044067404,-0.0006202249,-0.0010487094,0.0005757142,-0.0015347165
NOR,2023,-0.0011548304378662388,0.6514289026723089,-0.5474130319618409,4.031115663440343,107.278776537398,-11.943145112845544,4.56808300968059,1,-0.0040781037,-7.662056e-05,-0.0004904114,-0.00014401168,0.014858619,-0.00051781815,-0.00069770665,-0.0015347165
NZL,2019,0.007986473245675807,0.5340913245347859,69.30132384517893,17.207814053474312,108.576899080734,48.70978603569134,60.43212810295031,7,0.0027937219,-0.0073850374,0.0015808617,0.0014867273,-0.008390733,0.0068462524,-0.0020586182,-0.0015347165
POL,2011,-0.015177526887736659,0.5797726403403832,0.0804848025754978,3.073053774671864,121.808545167093,7.87729340083998,6.01346143982211,1,-0.0032201414,0.00024718436,0.0017452273,0.0016677137,-0.0013855628,-0.001683367,-0.0005371917,-0.0015347165
POL,2012,-0.00804313948802493,0.5645951134526466,-3.4911774445337995,2.5613178056190344,112.53194495305,4.851230031174181,3.746501677056613,2,-0.002310426,0.0013724609,0.0016012402,-0.00011692305,-0.00040615752,0.0001540077,-0.0009070682,-0.0015347165
POL,2013,0.005781931395488438,0.5565519739646216,-4.382138130483804,1.3874250757960116,106.217304809916,2.7268937141923466,1.4078222859326806,3,-0.0012952124,0.0020362565,-0.0032806399,0.0016934205,0.0006856296,-0.00049563526,-0.0008044634,-0.0015347165
POL,2014,-0.028738195328218086,0.5623339053601101,0.9893884246680696,1.1403619981755764,101.166863494457,3.6771715517747827,6.246129605652273,4,-0.0021637776,0.0009680431,-0.0022151957,0.0006870411,-0.0009008559,-0.002162841,-0.0007404258,-0.0015347165
POL,2015,0.017842878456122313,0.533595710031892,1.522842639593902,1.333675334496065,100.0,4.6793842393081375,-2.0256548585864675,5,0.0014003235,0.0025634954,-0.0030464816,-0.0019767468,-0.00042730878,0.0054638116,-0.0005542584,-0.0015347165
POL,2016,-0.03662110685036668,0.5514385884880143,1.8575000000000008,1.30342753258601,97.2781716836259,2.982642079485087,8.848564847425354,6,-0.003554773,0.0015503742,-0.0041077803,-0.0033222006,0.0005157997,-0.004571627,-0.0005337776,-0.0015347165
POL,2017,0.004335064139924127,0.5148174816376476,3.8534226738335287,2.9937536662749675,95.8059449625829,6.271368847995729,0.38599917075401446,7,0.00021612234,0.00139411,0.0014515021,-0.0032277156,-0.001001895,-0.0008255249,-0.00024906767,-0.0015347165
POL,2018,-0.008595252085427108,0.5191525457775718,6.579538203389035,3.863520043857971,96.2992878047143,6.319223582815603,5.978489522072472,8,-0.00079294055,6.361281e-05,0.0011597595,-0.00347772,-0.00053541525,-0.0010117643,-0.0003276748,-0.0015347165
POL,2019,-0.08378401070215924,0.5105572936921446,8.674634676364267,4.9166837766946525,97.8359516182619,8.53742117192111,24.539389031313654,9,-0.0007841486,-0.005310645,-0.0021045462,-0.009302651,-0.014062988,-0.006493198,-0.0019449606,-0.0015347165
POL,2020,-0.019704440924743105,0.4267732829899854,10.479707808769836,5.424453468073787,98.0507252646903,2.132462562777837,5.169046690500911,10,0.002925972,-0.0029086233,4.2853997e-05,-0.003846278,0.0036748273,-0.0007886172,0.00052257243,-0.0015347165
POL,2021,0.007860308470818977,0.4070688420652423,9.167974882260598,3.951834881041672,103.807506134327,11.200547764578172,6.43180475575873,11,0.0064772093,-0.0019188473,0.0032900318,0.0025677036,-0.005195656,-0.0011109912,0.00058195053,-0.0015347165
POL,2022,0.000704818274892216,0.4149291505360613,11.796849887495986,14.35421665183927,103.093852574216,20.813626813313736,30.27486171484113,12,0.005452811,0.000284835,-0.0003511066,0.002620643,-0.00834483,0.0028116617,0.002388101,-0.0015347165
PRT,2011,0.018129846078268508,0.6322818133383084,-4.897156910235879,0.9370361672760286,104.006631263011,-2.438954537281879,-1.107573156431596,1,-6.29879e-05,0.0022701437,3.729857e-05,0.0017791622,0.0053992514,-0.0022990874,-0.00018917471,-0.0015347165
PRT,2012,0.03087137077473512,0.6504116594165769,-7.080937594890835,2.0047454069774817,98.7476589910503,-4.460704845464103,5.06568858277443,2,-3.3539545e-05,0.001747647,0.0021782743,0.001510109,0.0120503,-0.00026190066,-0.00070917833,-0.0015347165
PRT,2013,-0.0036089570741436594,0.681283030191312,-1.8774641057536123,1.2454877461749003,97.3265224825533,1.7318048972284172,6.920141789008594,3,-0.000727983,0.0024735301,-0.0018183361,-0.0027100083,0.0052200085,-0.0036591317,-0.0009761596,-0.0015347165
PRT,2014,-0.00804809047131394,0.6776740731171683,4.251673273815282,4.427055742824604,101.140935298175,0.8591111867415346,1.529017568789559,4,-0.00038660213,0.0011269193,0.0011160823,0.0009952924,0.0040316544,-0.0006204227,-0.0008004484,-0.0015347165
PRT,2015,-0.018459076557184817,0.6696259826458544,3.0518814697259256,1.1021780594418384,100.0,3.2696845711273514,1.2601692026817046,5,-0.0003897881,0.0012809748,-0.0011035128,-0.0018012123,-0.0007975549,-0.00037112623,-0.0005468558,-0.0015347165
PRT,2016,-0.024690719606332512,0.6511669060886696,7.110499999999997,1.704527542612988,103.625352833356,3.6291326197398943,5.621369992281733,6,-0.0006039145,-0.0013541566,-0.0048908666,0.0020219085,-0.0005609137,-0.0012910158,-0.0006254752,-0.0015347165
PRT,2017,-0.02399140437392222,0.626476186482337,9.24279132297954,0.9946951721172326,110.455200173593,4.529561124691117,5.1567580755628395,7,-0.00076010183,-0.0020104651,-0.0012091546,-0.0015593248,3.7776168e-05,-0.00022711026,-0.0005210616,-0.0015347165
PRT,2018,-0.016019079425403815,0.6024847821084148,10.271086782810102,1.8893080860929332,116.699114979896,4.782574364896908,4.4740558835804745,8,-0.0007714562,-0.0020033503,0.002236506,0.0017433388,-0.00037933842,-8.2888895e-05,-0.00040590682,-0.0015347165
PRT,2019,-0.011616623002576598,0.586465702683011,9.957664474002904,3.165943350073408,123.216607368434,4.694437318637901,4.950276375710705,9,-0.0029958617,-0.0023370918,0.0022188146,0.0038114716,-0.0004622179,-0.0007996108,-0.00045030273,-0.0015347165
PRT,2020,0.0072073221076849325,0.5748490796804344,8.763576901118553,2.584996273276752,136.60720698643,-5.59086127677475,1.2981518459679098,10,-0.002159428,-0.0018286356,0.0013035543,0.002009945,0.007908951,-0.0014742757,0.0002920041,-0.0015347165
PRT,2021,-0.006636936173756602,0.5820564017881193,9.40797936627773,1.8032262200121665,142.017654911373,6.999926278218416,3.5539065636285283,11,-0.0033738595,-0.0017693272,0.005629415,0.004177297,-0.0019453435,-6.4061634e-05,-9.638498e-05,-0.0015347165
PRT,2022,-0.011392868156815283,0.5754194656143627,12.634604449498887,2.685252704951657,148.198685601312,12.631427110265125,4.859294924404067,12,-0.002918546,-0.0012638014,0.0025242518,0.005983362,-0.004551124,-0.0007339288,0.0018643643,-0.0015347165
PRT,2023,-0.02444290545010408,0.5640265974575475,8.199990797162894,4.548486187811807,147.444073364584,11.638929194778825,-3.1983369612412216,13,-0.002933476,-0.0042803534,2.7304575e-05,0.0054047788,-0.005115646,-0.00057359366,0.0009844293,-0.0015347165
ROU,2011,0.009345794392523366,0.8504672897196262,-12.309429700734054,0.6641146621562566,122.121250654673,7.478695323581652,1.6681901279707478,1,-0.0045281,0.0020590913,0.00048810607,0.003937671,-0.0007453393,-0.00036159458,8.361764e-05,-0.0015347165
ROU,2012,-0.04053639885592186,0.8598130841121495,-5.072619303140868,2.3789309844705064,110.914386490038,5.675368396582425,7.65288009696603,2,-0.00658055,0.0013406314,0.0013456375,-0.0027389466,-0.00089816505,-0.0024635957,-0.00091957656,-0.0015347165
ROU,2013,-0.003387641480529835,0.8192766852562277,-0.2512310320570754,0.5502479138952854,110.322204602808,1.3706453143167652,-0.05307586336087411,3,-0.004200664,0.0011556026,0.0011260201,-0.0025665595,0.0041420404,-0.0021461074,-0.0005806971,-0.0015347165
ROU,2014,-0.01136970363703127,0.8158890437756978,-2.055208543219833,2.0609434464747167,104.864058759021,6.260834667775184,7.792628689462355,4,-0.005035646,0.0015211366,0.0016705559,0.0015938994,-0.00086354965,-0.0026921404,-0.0007820605,-0.0015347165
ROU,2015,0.006981111745493873,0.8045193401386665,2.859493931289858,1.0075587953066067,100.0,5.81308402051075,10.624578892841363,5,-0.002364426,0.0013107882,-0.0006524019,-0.0014905831,-0.0015563316,0.0032156094,-0.00054194574,-0.0015347165
ROU,2016,-0.0019279174695582268,0.8115004518841604,5.950000000000011,0.873340611171991,96.1999553815458,7.580119543229902,3.046616108033051,6,-0.0027542722,0.0011520752,0.0006456368,-0.0021269291,-0.0015966137,0.0009871305,-0.00030322498,-0.0015347165
ROU,2017,-0.034791349610026945,0.8095725344146022,6.045304388862682,1.5382454748982033,88.1598009859907,14.409268381790552,11.876533245204834,7,-0.003632654,0.00023450558,-0.005497499,-0.0076502236,-0.013783924,-0.00041873733,-0.0011041889,-0.0015347165
ROU,2018,-0.015570393308352748,0.7747811848045753,5.573850740955022,2.453034358752748,86.5687925047288,12.598881467892964,4.29222888289571,8,-0.0022837494,0.0011285803,0.0016950506,-0.006260326,-0.008897896,0.0008640954,-0.00075372704,-0.0015347165
ROU,2019,-0.0051667181208763235,0.7592107914962225,3.433304529264225,2.6309520027958166,75.2900033876558,11.335604578335579,15.344873603538334,9,-0.0028779756,0.0012277566,0.0031523332,-0.0021806622,-0.012652951,0.0075732493,-0.0012760618,-0.0015347165
ROU,2020,0.04839710714448253,0.7540440733753462,4.682533213790863,2.255546012364018,75.7589285872786,0.4167942873958719,-2.243100106015994,10,-0.00063852256,0.0024790373,0.0018227954,0.0047324,0.0077625895,0.0052443356,0.00052850647,-0.0015347165
ROU,2021,-0.010229864009336787,0.8024411805198287,4.4010589013898205,2.541013378534651,72.360001306955,11.136669095402718,10.81104581651655,11,-0.0033140045,0.0013586455,0.0022951248,-0.0013697103,-0.010640211,0.0017664464,0.0007668983,-0.0015347165
ROU,2022,-0.010861868602895175,0.7922113165104919,7.166961871911992,4.919194155412487,67.6817267371595,17.947550066651008,13.151154908333162,12,-0.0033917164,-0.0022343888,0.00051858067,-0.0017201859,-0.012650961,0.00248223,0.0015310925,-0.0015347165
SVK,2021,0.00027532086944515033,0.7942201757796182,6.374697038127697,0.879351541056228,113.699554661148,7.614829375009968,13.523419734802221,1,-0.0022911413,0.0006830829,-0.0006034521,0.0022787403,-0.0031224033,0.0049396,-0.0007007256,-0.0015347165
SVK,2022,0.012064200985772655,0.7944954966490634,13.703276366665197,4.115174937711763,118.729138265575,7.545429658068481,12.084054838803615,2,-0.0036580486,0.0005452823,0.0029777742,0.0032172159,-0.0024995448,0.005321526,-0.0015528881,-0.0015347165
SVN,2011,0.003308757392192163,0.823382117692694,2.7090843162767,-0.3824275709076175,119.617143083912,1.6982735995338505,-2.7093807726603636,1,-0.0044399747,0.0022990194,-0.0022816157,-4.020638e-05,0.00497476,0.0033901657,-9.531608e-05,-0.0015347165
SVN,2012,0.0022004633250127803,0.8266908750848861,-6.89509086642397,-1.6296771275616018,114.66580354516,-2.7913499328690694,-5.456861636005006,2,-0.0038611486,0.0010880716,-0.0031571714,-0.0009266205,0.0054332865,0.0031978493,-0.0007021838,-0.0015347165
SVN,2013,-0.008628564168175035,0.8288913384098989,-5.243470754735913,-1.057551607383922,108.884765825551,-0.7648030157404562,-3.5783959104046748,3,-0.004984087,0.002468268,-0.0025877105,-0.003334131,0.0054719048,0.0028577987,-0.00066484173,-0.0015347165
SVN,2014,0.020051517237511196,0.8202627742417239,-6.591482059502707,-0.7374901649544019,100.799964994582,4.978776313287248,12.345322334032648,4,-0.0029810623,0.0032154534,-0.0013721468,0.0010046163,0.00093068974,0.0077539715,-0.0005937754,-0.0015347165
SVN,2015,0.0020120381336202753,0.8403142914792351,0.8016249221937333,1.991113668141331,100.0,3.353271092422716,4.450207509920512,5,-0.0039487323,0.00071412197,0.001701014,-0.0011632085,-0.000705165,-0.00010647143,-0.00033473453,-0.0015347165
SVN,2016,-0.00437842123787302,0.8423263296128554,3.2499999999999973,1.6176898382310068,98.8259600501439,4.011379915143132,2.2601647757467314,6,-0.0035338139,0.0014480171,-0.0047321133,-0.0011997073,-0.00015169432,0.00013070766,-0.00027166939,-0.0015347165
SVN,2017,-0.010527765859538407,0.8379479083749823,8.268280871670708,5.256097116939706,102.033271262434,6.858822361114769,3.910261087814648,7,-0.004621181,-0.0014246537,0.00022505633,0.000908195,-0.0017282544,0.00089150097,-0.00022695662,-0.0015347165
SVN,2018,-0.011452112017341753,0.8274201425154439,8.73200819415494,6.231229634394264,104.453548928284,6.949255144351341,6.596062467249619,8,-0.00502541,-0.0018104247,0.00036208355,0.0017556542,-0.0019970078,-0.0013637489,-0.00040617387,-0.0015347165
SVN,2019,-0.010044898914070566,0.8159680304981022,6.696311958419798,4.244405930366124,105.728406094933,5.965040085616113,2.121490795391834,9,-0.005220572,-0.0011442665,0.0009822838,0.0015363931,-0.00042217047,0.00019465365,-0.0006701221,-0.0015347165
SVN,2020,0.007089664680137497,0.8059231315840316,4.606265060240955,-2.287660676682002,107.138572101658,-1.7952666912836368,0.41685905055683925,10,-0.0038840387,0.0020705806,-0.0010870289,0.0011848338,0.0069267247,-0.0014316549,0.00022358554,-0.0015347165
SVN,2021,-0.004658733182154373,0.8130127962641691,11.539772779625723,3.617565477840068,112.212423147837,10.414151347819578,6.001656600967875,11,-0.005691108,-0.0022864854,0.002119074,-0.0011457341,-0.005300595,-0.0007979853,0.00013510002,-0.0015347165
SVN,2022,-0.02187629620689724,0.8083540630820147,14.758824647055423,18.87183936596195,117.609245741573,8.85054022059828,16.723846522539798,12,-0.0066079055,-0.0032701802,-0.007411229,0.0038955924,-0.0075203693,0.010095329,0.0017747085,-0.0015347165
SVN,2023,-0.009465828418443456,0.7864777668751175,7.2363031694728575,12.402327377516208,116.950231162329,14.081767855565875,8.02781944245674,13,-0.0053603104,-0.0012093668,-0.0005865473,0.003183258,-0.005986539,-0.0012767018,0.0010202009,-0.0015347165
SWE,2011,-0.014783470494702688,0.4311659709395635,2.578922463327249,2.3172735821387347,83.8058664114587,4.140640373634752,7.528691421274791,1,0.004579178,0.0011844166,0.0018169314,-0.006824866,-0.000347438,-0.0020549484,-0.00048939773,-0.0015347165
SWE,2012,-0.016296866298607826,0.4163825004448608,1.2553955649279969,2.578301996742516,81.5868898242935,0.9632226069996586,0.08134598553930505,2,0.0013901375,0.0014462746,0.0013189256,-0.0051469025,0.0037581958,-0.0034391757,-0.0008513281,-0.0015347165
SWE,2013,-0.011203046086438684,0.400085634146253,5.154572079401354,2.256623241112443,84.4559064571314,2.4419671325071723,5.57928234231162,3,0.0027484258,0.0002940797,0.0016101146,-0.0061076083,-0.00012340024,-0.0006352555,-0.0007726986,-0.0015347165
SWE,2014,-0.009392789502756016,0.3888825880598143,9.429349507953088,1.726399160342651,90.4839940336303,4.603208221186783,6.324084861857182,4,0.0041052583,-0.0017814623,0.0036794313,-0.0069954763,-0.00021374493,-0.0015326466,-0.00054041063,-0.0015347165
SWE,2015,-0.08102926472308558,0.3794897985570583,13.118972879726364,1.4862095731627445,100.0,8.637002524605798,-0.9997801970468845,5,0.0008534662,-0.008731395,-0.008176197,-0.005259548,-0.012042057,-0.006797389,-0.0014454516,-0.0015347165
SWE,2016,0.0026471174804917896,0.2984605338339727,8.242499999999996,0.8809899119009978,105.094824856365,3.2411194909878205,5.380785242021058,6,0.004194269,-0.0010511386,-0.001060795,0.0015849858,0.0001779818,-0.0005785315,-0.00028003214,-0.0015347165
SWE,2017,-0.006569605294447667,0.3011076513144645,6.637873293761687,0.8538773406290501,109.286999738926,4.853920586434857,5.997428389955228,7,0.0047066286,0.00049766235,-0.0011423354,-0.0006517518,-4.819136e-06,-0.001210645,-0.00013266793,-0.0015347165
SWE,2018,0.007969447217792969,0.2945380460200168,-0.9334863875592904,1.0631752347104009,105.035276608594,4.347412578408383,7.95675100551867,8,0.0056671896,0.0010081297,-0.0011872016,0.0016459475,-0.00052738853,-0.0018934988,-0.00026639446,-0.0015347165
SWE,2019,-0.005066027272367268,0.3025074932378098,2.481416703104511,1.7757023888368415,104.136785809121,4.807219956073006,8.217245683434736,9,0.0057155266,0.00022479979,0.0021968046,0.0019959712,-0.00048726454,-0.001882079,-0.00088604004,-0.0015347165
SWE,2020,-0.01658123692458241,0.2974414659654425,4.200533333333323,1.834735706992685,108.955616764107,-0.27248715887540076,0.018014321385506626,10,0.0020327626,0.0001837366,0.002997027,-0.002366533,0.0031421806,-0.005162044,0.00014596667,-0.0015347165
SWE,2021,-0.019491315473066095,0.2808602290408601,10.115879125378768,1.4574458102655452,113.141291039607,7.371464282560014,0.19211815266388932,11,0.0030958052,-0.0045097806,-0.006493938,0.0021733078,-0.0024795928,-0.0048873434,-3.353603e-05,-0.0015347165
SWE,2022,0.001026301688315967,0.261368913567794,3.5604722506275,1.7897638989596842,109.069889932984,7.415896791304433,0.10461347940937671,12,0.0066686813,0.0004909205,0.0024457339,-0.0009118863,-0.0014270528,-0.003348082,0.00068403187,-0.0015347165
SWE,2023,0.02518494940246563,0.26239521525611,-5.168761220825846,3.369689805453624,98.7611344346539,6.393227240624766,18.96688041382648,13,0.009861448,0.0014288103,0.0030131494,-0.0032833966,-0.0017594234,0.028085161,0.00074831356,-0.0015347165
USA,1998,0.01650775645208591,0.5886085822850877,4.80924120389985,3.357710011207704,103.316705865478,5.686274845770156,3.2458845345275433,1,-0.0015851902,0.0007402555,0.0021054882,0.0021568045,-0.00070931786,0.0007267155,-0.00027692172,-0.0015347165
USA,1999,-0.0015733482745056149,0.6051163387371736,6.066856761511863,2.8442137353243746,105.842824810466,6.376471902858127,7.730026180541949,2,-0.0007510813,0.00034126893,0.002050481,0.0019353464,-0.000501091,-0.0023396318,-0.001176268,-0.0015347165
USA,2000,0.009906928435311269,0.603542990462668,6.66742931228439,3.257102323293948,106.336349515647,6.4581966760885345,5.7618125800316555,3,-0.0006078189,0.0016353806,0.0019825562,0.0019458354,-0.00025079848,-0.00088091183,-0.0009564446,-0.0015347165
USA,2001,0.003943788263318315,0.6134499188979793,6.886998176813286,3.7463274005050895,109.353762084029,3.4376698921705584,7.755343747733101,4,-0.00076771056,-0.0011701568,0.0018183764,2.6938866e-05,-0.00075779035,-0.0022270423,-0.0011035596,-0.0015347165
USA,2002,-0.010354698804689644,0.6173937071612976,7.00513386511481,3.7666564501734223,112.61529203619,3.1463448286114026,6.229404856962395,5,-0.00065635383,-0.0011416157,0.0018048607,0.00063839834,0.0007413801,-0.0015953534,-0.00064695446,-0.0015347165
USA,2003,-0.0019108444741432473,0.607039008356608,7.631118334687792,2.376378367576648,116.653424641132,4.797672081620408,4.415883762921569,6,-0.0006458026,-0.0010233321,0.0019169073,0.0017694935,-0.00046761276,-0.00011710031,-0.00044898252,-0.0015347165
USA,2004,0.0029492067374052855,0.6051281638824647,9.416154840208543,2.719342687268056,121.808046861687,6.546000565250387,5.527997511956162,7,-0.0011334025,-0.0016908908,0.0022835252,0.0027122558,-0.00020810183,-0.0006274508,-0.00032891595,-0.0015347165
USA,2005,-0.004845446195991365,0.60807737061987,10.464992834014474,2.563261050142196,130.828530213381,6.731739416501448,8.181295831481773,8,-0.0015239527,-0.0027313472,0.002351229,0.0063566426,-0.0030707158,-0.0020594907,-0.00075184257,-0.0015347165
USA,2006,0.019035793851502114,0.6032319244238786,5.8119699190314345,3.486757948737096,131.3683219912,5.8612011449141965,2.347987827919429,9,-0.0013594171,0.00051115087,0.0021871417,0.005240012,-0.00054610777,0.00016936671,-0.0003802103,-0.0015347165
USA,2007,-0.01656389896406385,0.6222677182753807,-0.1180744777480979,3.6881559803506825,126.451667332227,4.9014942026954555,9.566501661023374,10,-0.0017538609,-8.010572e-05,0.0020303794,0.004564385,-0.0019159124,-0.0018131309,0.00013408146,-0.0015347165
USA,2008,0.01623399152019156,0.6057038193113169,-8.194280258251851,2.5273489900885515,111.702440514508,2.0900846954798213,5.3537348017151265,11,0.0002336984,0.0017015509,0.0017312051,0.0002027448,0.0041142018,-0.0008401761,0.0004965878,-0.0015347165
USA,2009,0.004166573217430747,0.6219378108315085,-6.009880272883716,1.0781178846649642,105.752206193842,-1.6940806026444655,0.37905414857499764,12,-0.00034381423,0.0023021712,-0.0003443756,0.0011555805,0.004875054,-0.0023058564,0.0007082077,-0.0015347165
USA,2010,-0.012944386057413326,0.6261043840489392,-2.9481116541304475,-0.1956591444458699,99.5936268206092,3.807666344034799,3.525064180837534,13,-0.0007172927,0.0017907612,-0.0032723057,-0.0016452952,-0.00016734644,-9.3145165e-05,0.00020168256,-0.0015347165
USA,2011,-0.01245575911534591,0.6131599979915259,-4.331184255174748,1.705232891105002,91.4668512844464,3.5445965498971166,3.124906324692489,14,-0.000619667,0.00085990573,-0.0007651814,-0.005258954,-0.001065047,0.00016568086,-3.994779e-05,-0.0015347165
USA,2012,-0.013720886072947414,0.60070423887618,2.6857159071562275,2.652643778495478,90.331181621634,4.157374686470283,2.6733781425185787,15,-0.0012252196,0.0007273744,0.0014034983,-0.00562304,-0.0008449142,0.00021087658,0.00015707321,-0.0015347165
USA,2013,-0.009003807760703197,0.5869833528032325,6.879257222598367,2.8260971243377897,97.4265935148541,3.767510109265504,4.514405399262644,16,-0.0015428159,-0.0014111762,0.0016717335,-0.003612883,-0.00076678727,0.00029379508,0.00025641153,-0.0015347165
USA,2014,-0.0030069145993738555,0.5779795450425294,4.80634986297126,3.151904671486405,98.1612484935948,4.26168853057145,2.601373164626497,17,-0.001879839,0.00073159067,0.0015591789,-0.0032246143,-0.00047641923,0.00040351972,0.0005265396,-0.0015347165
USA,2015,-0.0004052842306128124,0.5749726304431555,5.115080050324372,3.573865979281443,100.0,3.9409228650120642,2.487446845887109,18,-0.0018298799,0.0006829709,0.0019792283,-0.0016711339,-0.00028652663,0.00012730522,0.00063585775,-0.0015347165
USA,2016,0.0015166750409068008,0.5745673462125427,5.540887809343009,3.772815565921994,103.31790564989,2.8598770970051257,3.3862654019987337,19,-0.001465806,0.00045509686,0.0014573543,0.0022452609,0.00020720586,6.6236644e-05,0.0005642941,-0.0015347165
USA,2017,-3.5566431874856086e-05,0.5760840212534495,6.098306705357492,3.814270213389892,105.229586522284,4.290670034916233,4.52709286254156,20,-0.0018123536,0.00024119238,0.0014759591,0.0019987035,-0.00059824914,-0.000105089035,0.00063585775,-0.0015347165
USA,2018,-0.009298732436280766,0.5760484548215746,6.0485392128097,3.616833505869055,106.257812156076,5.168454885372209,6.115461036215097,21,-0.0019024712,0.00019096695,0.0015595648,0.0018992703,-0.0005837162,-0.0011699761,0.00083761156,-0.0015347165
USA,2019,-0.00013498498134756343,0.5667497223852939,4.992094861659768,3.7066384000169927,107.220464222376,4.289850923653327,4.3765576988948895,22,-0.0016782796,0.0005523691,0.0014294953,0.0019153896,-0.0005238961,-0.00011449422,0.00063585775,-0.0015347165
USA,2020,0.0057774776139807305,0.5666147374039463,7.800323758611682,3.123913478204288,107.391292793537,-0.40411013398115037,4.419173158405343,23,-0.0015156555,-0.0009418544,0.0018769399,0.0011219305,0.004738013,-0.00038683915,0.00057600177,-0.0015347165
USA,2021,-0.011381847793520694,0.572392215017927,16.508643268727475,2.2452818256106344,115.83643933617,10.636340476428563,7.595361911893006,24,-0.0013076261,-0.0045068376,0.0049679643,0.0032803153,-0.004134684,-0.0019066969,0.002673997,-0.0015347165
USA,2022,0.004430662698846177,0.5610103672244063,13.27623286798696,6.033373231122341,131.550621091859,9.713196959077152,9.594592138675594,25,-0.0030624263,0.00015402443,0.002422184,0.007272757,-0.00525974,-0.0013057583,0.003127074,-0.0015347165
USA,2023,0.0042531770832680005,0.5654410299232525,4.5486418903719406,7.953500195284846,127.044713630756,6.996733327699833,9.346901021358267,26,-0.0031993063,0.00048075453,0.0015530866,0.0048276796,-0.0024880446,-0.0014645403,0.002164075,-0.0015347165
USA,2024,0.0025133640080220454,0.5696942070065205,5.266954353906073,5.108796844531049,127.918200971248,5.4046207443297245,6.771929940005994,27,-0.0029282034,0.00037771475,0.0005624206,0.004570217,-0.0006495812,-0.001960268,0.0016849581,-0.0015347165
ZAF,2014,-0.014223231731693486,0.561898822275552,7.437523376093158,5.062185267078845,101.612829550382,6.750622785608029,6.490587049848329,1,-0.0022689726,-0.0016304604,0.0005705879,0.00074637984,-0.003828692,-0.0014032067,-0.00064791384,-0.0015347165
ZAF,2015,-0.003079440362937169,0.5476755905438585,6.297883874876775,5.019542560111523,100.0,6.498500748291258,5.075497081354241,2,-0.00010439312,0.00025430942,0.00028514588,-0.001766269,-0.00027806085,-1.9855044e-05,-0.00091380003,-0.0015347165
ZAF,2016,-0.008360494599561785,0.5445961501809213,4.8780000000000046,4.97126712715501,99.5941854952437,7.712216162013985,6.456654104348525,3,0.000572976,0.00060766476,0.00036337523,-0.0020199933,-0.0017238959,-0.001371624,-0.0009986879,-0.0015347165
ZAF,2017,-0.004703876432781473,0.5362356555813595,4.131467037891645,5.12240134265276,98.6330106811044,7.079092480145133,7.432985561122396,4,0.00073714,0.0012484327,0.00029541593,-0.0030411598,-0.0022364527,-0.0025374773,-0.0010991138,-0.0015347165
ZAF,2018,0.005353982102629273,0.5315317791485781,3.489346311269004,4.505075178984908,97.436622111025,4.887099456804678,6.12831850227491,5,0.00079240615,0.0012378122,0.0010602787,-0.0032098815,-0.0005913341,-0.0009787669,-0.0005858532,-0.0015347165
ZAF,2019,-0.011229918037920505,0.5368857612512073,2.502394450625656,3.685214829049088,96.0264765909159,4.734140046671853,4.3592786001815265,6,0.0009284527,0.0011539845,0.0011590089,-0.0032114636,-0.00072310754,0.00033403435,-0.00037928123,-0.0015347165
ZAF,2020,0.02363436896413973,0.5256558432132868,2.3709538195943125,2.1495052558393235,100.429659331856,-0.17940223322413518,1.7954526932197679,7,0.000773926,0.0013095466,0.0014545581,0.0010882013,0.0060854605,-0.00064282253,0.000114957475,-0.0015347165
ZAF,2021,-0.04925171456421229,0.5492902121774266,6.724889172764015,0.876825089994604,97.9394511303951,11.276972910279204,11.057280655993452,8,-0.004260577,-0.002361375,-0.0024311794,-0.0077715768,-0.014008139,-0.0008534698,-0.0010328317,-0.0015347165
